UniProt Accessions,Sequence
Q07422,MQKPVCLVVAMTPKRGIGINNGLPWPHLTTDFKHFSRVTKTTPEEASRLNGWLPRKFAKTGDSGLPSPSVGKRFNAVVMGRKTWESMPRKFRPLVDRLNIVVSSSLKEEDIAAEKPQAEGQQRVRVCASLPAALSLLEEEYKDSVDQIFVVGGAGLYEAALSLGVASHLYITRVAREFPCDVFFPAFPGDDILSNKSTAAQAAAPAESVFVPFCPELGREKDNEATYRPIFISKTFSDNGVPYDFVVLEKRRKTDDAATAEPSNAMSSLTSTRETTPVHGLQAPSSAAAIAPVLAWMDEEDRKKREQKELIRAVPHVHFRGHEEFQYLDLIADIINNGRTMDDRTGVGVISKFGCTMRYSLDQAFPLLTTKRVFWKGVLEELLWFIRGDTNANHLSEKGVKIWDKNVTREFLDSRNLPHREVGDIGPGYGFQWRHFGAAYKDMHTDYTGQGVDQLKNVIQMLRTNPTDRRMLMTAWNPAALDEMALPPCHLLCQFYVNDQKELSCIMYQRSCDVGLGVPFNIASYSLLTLMVAHVCNLKPKEFIHFMGNTHVYTNHVEALKEQLRREPRPFPIVNILNKERIKEIDDFTAEDFEVVGYVPHGRIQMEMAV
P28593,MMSKIFDLVVIGAGSGGLEAAWNAATLYKKRVAVIDVQMVHGPPFFSALGGTCVNVGCVPKKLMVTGAQYMEHLRESAGFGWEFDRTTLRAEWKKLIAVKDEAVLNINKSYEEMFRDTEGLEFFLGWGSLESKNVVNVRESADPASAVKERLETENILLASGSWPHMPNIPGIEHCISSNEAFYLPEPPRRVLTVGGGFISVEFAGIFNAYKPKDGQVTLCYRGEMILRGFDHTLREELTKQLTANGIQILTKENPAKVELNADGSKSVTFESGKKMDFDLVMMAIGRSPRTKDLQLQNAGVMIKNGGVQVDEYSRTNVSNIYAIGDVTNRVMLTPVAINEAAALVDTVFGTNPRKTDHTRVASAVFSIPPIGTCGLIEEVASKRYEVVAVYLSSFTPLMHNISGSKYKTFVAKIITNHSDGTVLGVHLLGDNAPEIIQGVGICLKLNAKISDFYNTIGVHPTSAEELCSMRTPSYYYVKGEKMEKPSEASL
Q95PM0,MPRTEMVRFVRLPVVLLAMAACLASVALGSLHVEESLEMRFAAFKKKYGKVYKDAKEEAFRFRAFEENMEQAKIQAAANPYATFGVTPFSDMTREEFRARYRNGASYFAAAQKRLRKTVNVTTGRAPAAVDWREKGAVTPVKDQGQCGSCWAFSTIGNIEGQWQVAGNPLVSLSEQMLVSCDTIDFGCGGGLMDNAFNWIVNSNGGNVFTEASYPYVSGNGEQPQCQMNGHEIGAAITDHVDLPQDEDAIAAYLAENGPLAIAVDATSFMDYNGGILTSCTSEQLDHGVLLVGYNDSSNPPYWIIKNSWSNMWGEDGYIRIEKGTNQCLMNQAVSSAVVGGPTPPPPPPPPPSATFTQDFCEGKGCTKGCSHATFPTGECVQTTGVGSVIATCGASNLTQIIYPLSRSCSGLSVPITVPLDKCIPILIGSVEYHCSTNPPTKAARLVPHQ
P13922,MMEQVCDVFDIYAICACCKVESKNEGKKNEVFNNYTFRGLGNKGVLPWKCNSLDMKYFRAVTTYVNESKYEKLKYKRCKYLNKETVDNVNDMPNSKKLQNVVVMGRTNWESIPKKFKPLSNRINVILSRTLKKEDFDEDVYIINKVEDLIVLLGKLNYYKCFIIGGSVVYQEFLEKKLIKKIYFTRINSTYECDVFFPEINENEYQIISVSDVYTSNNTTLDFIIYKKTNNKMLNEQNCIKGEEKNNDMPLKNDDKDTCHMKKLTEFYKNVDKYKINYENDDDDEEEDDFVYFNFNKEKEEKNKNSIHPNDFQIYNSLKYKYHPEYQYLNIIYDIMMNGNKQSDRTGVGVLSKFGYIMKFDLSQYFPLLTTKKLFLRGIIEELLWFIRGETNGNTLLNKNVRIWEANGTREFLDNRKLFHREVNDLGPIYGFQWRHFGAEYTNMYDNYENKGVDQLKNIINLIKNDPTSRRILLCAWNVKDLDQMALPPCHILCQFYVFDGKLSCIMYQRSCDLGLGVPFNIASYSIFTHMIAQVCNLQPAQFIHVLGNAHVYNNHIDSLKIQLNRIPYPFPTLKLNPDIKNIEDFTISDFTIQNYVHHEKISMDMAA
Q9NBA7,MEYSPNEVIKQEREVFVGKEKSGSKFKRKRSIFIVLTVSICFMFALMLFYFTRNENNKTLFTNSLSNNINDDYIINSLLKSESGKKFIVSKLEELISSYDKEKKMRTTGAEENNMNMNGIDDKDNKSVSFVNKKNGNLKVNNNNQVSYSNLFDTKFLMDNLETVNLFYIFLKENNKKYETSEEMQKRFIIFSENYRKIELHNKKTNSLYKRGMNKFGDLSPEEFRSKYLNLKTHGPFKTLSPPVSYEANYEDVIKKYKPADAKLDRIAYDWRLHGGVTPVKDQALCGSCWAFSSVGSVESQYAIRKKALFLFSEQELVDCSVKNNGCYGGYITNAFDDMIDLGGLCSQDDYPYVSNLPETCNLKRCNERYTIKSYVSIPDDKFKEALRYLGPISISIAASDDFAFYRGGFYDGECGAAPNHAVILVGYGMKDIYNEDTGRMEKFYYYIIKNSWGSDWGEGGYINLETDENGYKKTCSIGTEAYVPLLE
Q965D5,MNKISQRLLFLFLHFYTTVCFIQNNTQKTFHNVLQNEQIRGKEKAFYRKEKRENIFIGNKMKHVHNMNNTHNNNHYMEKEEQDASNINKIKEENKNEDICFIAGIGDTNGYGWGIAKELSKRNVKIIFGIWPPVYNIFMKNYKNGKFDNDMIIDKDKKMNILDMLPFDASFDTANDIDEETKNNKRYNMLQNYPIEDVANLIHQKYGKINMLVHSLANAKEVQKDLLNTSRKGYLDALSKSSYSLISLCKYFVNIMKPQSSIISLTYHASQKVVPGYGGGMSSAKAALESDTRVLAYHLGRNYNIRINTISAGPLKSRAATAINKLNNTYENNTNQNKNRNSHDVHNIMNNSGEKEEKKNSASQNYTFIDYAIEYSEKYAPLRQKLLSTDIGSVASFLLSRESRAITGQTIYVDNGLNIMFLPDDIYRNENE
P90584,MENNSTERYIFKPNFLGEGSYGKVYKAYDTILKKEVAIKKMKLNEISNYIDDCGINFVLLREIKIMKEIKHKNIMSALDLYCEKDYINLVMEIMDYDLSKIINRKIFLTDSQKKCILLQILNGLNVLHKYYFMHRDLSPANIFINKKGEVKLADFGLCTKYGYDMYSDKLFRDKYKKNLNLTSKVVTLWYRAPELLLGSNKYNSSIDMWSFGCIFAELLLQKALFPGENEIDQLGKIFFLLGTPNENNWPEALCLPLYTEFTKATKKDFKTYFKIDDDDCIDLLTSFLKLNAHERISAEDAMKHRYFFNDPLPCDISQLPFNDL
Q17339,MPSCTTPTYGVSTQLESQSSESPSRSSVMTPTSLDGDNSPRKRFPIIDNVPADRWPSTRRDGWSSVRAPPPARLTLSTNNRHIMSPISSAYSQTPNSLLSPAMFNPKSRSIFSPTLPATPMSYGKSSMDKSLFSPTATEPIEVEATVEYLADLVKEKKHLTLFPHMFSNVERLLDDEIGRVRVALFQTEFPRVELPEPAGDMISITEKIYVPKNEYPDYNFVGRILGPRGMTAKQLEQDTGCKIMVRGKGSMRDKSKESAHRGKANWEHLEDDLHVLVQCEDTENRVHIKLQAALEQVKKLLIPAPEGTDELKRKQLMELAIINGTYRPMKSPNPARVMTAVPLLSPTPLRSSGPVLMSPTPGSGLPSTTFGGSILSPTLTASNLLGSNVFDYSLLSPSMFDSFSSLQLASDLTFPKYPTTTSFVNSFPGLFTSASSFANQTNTNVSPSGASPSASSVNNTSF
Q388H8,MTDKAFTEHQFWSTQPVRQPGAPDADKVGFIMESSLDAVPAEPYSLPSTFEWWSPDVANPEDLRGVHELLRDNYVEDSESMFRFNYSEEFLRWALMPPGYHQSWHVGVRLKSNKSVLGFVAGVPITMRLGTPKMVLEKREHGEDGGEEVINDYLEPQTICEINFLCVHKKLRQRRLGPILIKEVTRRVNLMNIWHAVYTSGTLLPTPFAKGHYFHRSLNSQKLVDVKFSGIPPHYKRFQNPVAVMERLYRLPDKTKTRGLRLMEPADVPQVTQLLLKRLASFDVAPVFNEEEVAHYFLPREGVVFSYVVESPVGPGKDEENAGKASKGTPTGTKCVTGGCEKVITDFFSFYSLPSTIIGNSNHSLLKVAYVYYTAATSVSITQLVNDLLIIVKLNGFDVCNVVDIYDNGTYLKELKFSPGDGNLYYYFYNWSYPSIPANEVGLVMV
Q27352,MREAICIHIGQAGCQVGNACWELFCLEHGIQPDGAMPSDKTIGVEDDAFNTFFSETGAGKHVPRAVFLDLEPTVVDEIRTGTYRQLFHPEQLISGKEDAANNYARGHYTIGKEIVDLCLDRIRKLADNCTGLQGFLVYHAVGGGTGSGLGALLLERLSVDYGKKSKLGYTVYPSPQVSTAVVEPYNSVLSTHSLLEHTDVAAMLDNEAIYDLTRANLDIERPTYTNLNRLIGQVVSALTASLRFDGALNVDLTEFQTNLVPYPRIHFVLTTYAPVISAEKAYHEQLSVSEISNAVFEPASMMTKCDPRHGKYMACCLMYRGDVVPKDVNAAVATIKTKRTIQFVDWSPTGFKCGINYQPPTVVPGGDLAKVQRAVCMIANSTAIAEVFARIDHKFDLMYSKRAFVHWYVGEGMEEGEFSEAREDLAALEKDYEEVGAESADMEGEEDVEEY
Q8IL11,MYFSSLCKFLPISEKEKIYLNIVKKRFCKSNIYYNNNNNNIINYNKRGLKFYPFCNNLKKNINFVNINNKKGINFHSINKERKMASEVPQVVSLDPTSIPIEYNTPIHDIKVQVYDIKGGCNVEEGLTIFLVNNPGKENGPVKISSKVNDKNVSEFLKDENMEKFNVKLGTSKHFYMFNDNKNSVAVGYVGCGSVADLSEADMKRVVLSLVTMLHDNKLSKLTVVFEINVDKNLFRFFLETLFYEYMTDERFKSTDKNVNMEYIKHLGVYINNADTYKEEVEKARVYYFGTYYASQLIAAPSNYCNPVSLSNAAVELAQKLNLEYKILGVKELEELKMGAYLSVGKGSMYPNKFIHLTYKSKGDVKKKIALVGKGITFDSGGYNLKAAPGSMIDLMKFDMSGCAAVLGCAYCVGTLKPENVEIHFLSAVCENMVSKNSYRPGDIITASNGKTIEVGNTDAEGRLTLADALVYAEKLGVDYIVDIATLTGAMLYSLGTSYAGVFGNNEELINKILNSSKTSNEPVWWLPIINEYRATLNSKYADINNISSSVKASSIVASLFLKEFVQNTAWAHIDIAGVSWNFKARKPKGFGVRLLTEFVLNDAL
Q54A96,MISKLKPQFMFLPKKHILSYCRKDVLNLFEQKFYYTSKRKESNNMKNESLLRLINYNRYYNKIDSNNYYNGGKILSNDRQYIYSPLCEYKKKINDISSYVSVPFKINIRNLGTSNFVNNKKDVLDNDYIYENIKKEKSKHKKIIFLLFVSLFGLYGFFESYNPEFFLYDIFLKFCLKYIDGEICHDLFLLLGKYNILPYDTSNDSIYACTNIKHLDFINPFGVAAGFDKNGVCIDSILKLGFSFIEIGTITPRGQTGNAKPRIFRDVESRSIINSCGFNNMGCDKVTENLILFRKRQEEDKLLSKHIVGVSIGKNKDTVNIVDDLKYCINKIGRYADYIAINVSSPNTPGLRDNQEAGKLKNIILSVKEEIDNLEKNNIMNDESTYNEDNKIVEKKNNFNKNNSHMMKDAKDNFLWFNTTKKKPLVFVKLAPDLNQEQKKEIADVLLETNIDGMIISNTTTQINDIKSFENKKGGVSGAKLKDISTKFICEMYNYTNKQIPIIASGGIFSGLDALEKIEAGASVCQLYSCLVFNGMKSAVQIKRELNHLLYQRGYYNLKEAIGRKHSKS
P05227,MVSFSKNKVLSAAVFASVLLLDNNNSAFNNNLCSKNAKGLNLNKRLLHETQAHVDDAHHAHHVADAHHAHHAHHAADAHHAHHAADAHHAHHAADAHHAHHAADAHHAHHAADAHHAHHAADAHHAHHAADAHHAHHAADAHHAHHAADAHHAHHAAYAHHAHHASDAHHAADAHHAAYAHHAHHAADAHHAADAHHAAYAHHAHHAADAHHAADAHHATDAHHAHHAADAHHATDAHHAADAHHAADAHHATDAHHAADAHHATDAHHAADAHHAADAHHATDSHHAHHAADAHHAAAHHATDAHHAAAHHATDAHHAAAHHEAATHCLRH
P25779,MSGWARALLLAAVLVVMACLVPAATASLHAEETLTSQFAEFKQKHGRVYESAAEEAFRLSVFRENLFLARLHAAANPHATFGVTPFSDLTREEFRSRYHNGAAHFAAAQERARVPVKVEVVGAPAAVDWRARGAVTAVKDQGQCGSCWAFSAIGNVECQWFLAGHPLTNLSEQMLVSCDKTDSGCSGGLMNNAFEWIVQENNGAVYTEDSYPYASGEGISPPCTTSGHTVGATITGHVELPQDEAQIAAWLAVNGPVAVAVDASSWMTYTGGVMTSCVSEQLDHGVLLVGYNDSAAVPYWIIKNSWTTQWGEEGYIRIAKGSNQCLVKEEASSAVVGGPGPTPEPTTTTTTSAPGPSPSYFVQMSCTDAACIVGCENVTLPTGQCLLTTSGVSAIVTCGAETLTEEVFLTSTHCSGPSVRSSVPLNKCNRLLRGSVEFFCGSSSSGRLADVDRQRRHQPYHSRHRRL
Q965D7,MRFLIIHIAVIVLPFVLMIDVKRENSFFLRHSPKRLYKKADYNNMYDKIIKKQQNRIYDVSSQINQDNINGQNISFNLTFPNYDTSIDIEDIKKILPHRYPFLLVDKVIYMQPNKTIIGLKQVSTNEPFFNGHFPQKQIMPGVLQIEALAQLAGILCLKSDDSQKNNLFLFAGVDGVRWKKPVLPGDTLTMQANLISFKSSLGIAKLSGVGYVNGKVVINISEMTFALSK
Q8MMZ8,MGACSSKAQHQTRDPEPREQQAAQEQKSTGPSGAPNDAPAPAEAERKMSGSSATAPKGEMPTASTGTPEQQQQQQQQQQQQQEQQQHPEHQQSEKQQQHGEEQQQERKPSQQQQNEEAAAPHKHGGERKVQKAIKQQEDTQAEDARLLGHLEKREKTPSDLSLIRDSLSTNLVCSSLNDAEVEALANAVEFFTFKKGDVVTKQGESGSYFFIVHSGEFEVIVNDKVVNKILTGQAFGEISLIHNSARTATIKTLSEDAALWGVQRQVFRETLKQLSSRNFAENRQFLASVKFFEMLTEAQKNVITNALVVQSFQPGQAIVKEGEKGDVLYILKSGKALVSIKNKEVRVLQRGEYFGERALLYDEPRSATITAEEPTVCVSIGRDLLDRVLGNLQHVLFRNIMLEALQQSKVFASFPTEQLSRLIGSVVVKDYPENYIILDRENRTRASASALFSAQGVRFFFVLEGEVSVFAYKDKSSSSSSSSSSSSSSSSAEGEMELHLIDTLKRGQAFGDEYVLSPNKPFAHCVKSNGPTKLALLTASALTATLGGQDIDETLDYNNKLAITKKMYIFRYLSEQQTQTLIKAFKTVRYTQGESIIREGEIGSRFFIIKLGEVVILKGEKRVRTLGRHDYFGERALLHDERRSATVAANSPEVDLWVVDKDVFLQIVKGPMLTHLEERIRMQDTKVEFKDLNVVRVVGRGTFGTVKLVQHIPTQMRYALKCVSRKSVVALNQQDHIRLEREIMAENDHPFIIRLVRTFRDKEFLYFLTELVTGGELYDAIRKLGLLGRYQAQFYLASIVLAIEYLHERNIAYRDLKPENILLDSQGYVKLIDFGCAKKMQGRAYTLVGTPHYMAPEVILGKGYTLTADTWAFGVCLYEFMCGPLPFGNDAEDQLEIFRDILAGKLIFPHYVTDQDAINLMKRLLCRLPEVRIGCSINGYKDIKEHAFFSDFDWDRLAGRDLSPPLLPKGEIYAEDAEEGGLDIEEDEGIELEDEYEWDKDF
Q9BHT9,MEYETSLKCLDEIRCVNNVKYMETEDLTDFNKKSAYYICKEIYEKQLSNENGYVVIGLSGGKTPIDVYKNMCAIKDIKIDKNKLIFFIIDERYKNDDHKFSNYNNIKFLFDELNINKETQLYKPDTKKDLVSCIRDYNEQIKSMIEKYKKIDIVILGMGSDFHIASLFPNVYYNIYMNNYQNNYIYEDNETIRSLNADNNVNLSLLNEQVYFTTTNNFDVRKRITVSLNLLSNSTSKIFLLNTADKLNLWKNMLLNFYVNPNYNLYPAFKMIDSSNTTVIACGHKNYSKMLEDLYVQKDEALSPISNNNVENKNELLTIVIFGCSGDLAKKKIYPALFKLFCNNLLPKNIIIIGFARTGQDFESFFNKIAIYLKISLNSYKNLSVFEKAERLNSFKSKCRYFIGNYLSPESFENFDVYITQEERIALGCCGQKGNEKHKQVNVTSQFPNNHTSINIINNIDNGCESPMLTDSPKRYPCSSSYSSTSGTAVCPYSSQHDVKPSNNGCPYLSSQANTSDSSGCPYISYHTNKSGHLGCPYTITRMLYLALPPHVFVSTLQNYKKYCLNKNRINKILLEKPFGKDLESFKILSKQILETFPEKNIYRIDHYLGKDMVSGLLKLKFTNIFLLSLMNRHFIKCIKITLKETKGVYGRGQYFDPYGIIRDVMQNHMLQLLALITMEHPTDLNDKSIQNEKIKILKSIASIKLEDTVIGQYVKSNNDDTNNNINSNISENASIDKSKINHSYHDDPHVDPNSITPTFCACVLYINSINWHGVPIILKAGKGLNNDICEIKIQFHNIMGSSDESMYNNEFVIILQPVEGIYLKLMIKKMGSEEMEEVQLNLSLNENNNKAYVPEAYETLLSECYKGYKRKFISDEELYESWRIFTPLLNELQEKHIKPLSYPFGSSGPQEAYDLVRKYYNYGKNYATTAKFCRKSSYYDDSLFDNMRE
Q8MTZ4,MIKMSPLLLKAAVVTACLCSLAVATTVEEQTAPKPIENATTYQQELGGRGKVDSPTAPGDAVSITSGIKVMSVTTATAIIFLASAFGFSFAMYWWYVASDIKITPGKGNIMRNAHLTDEVMRNVYVISKRVSDGANAFLFAEYRYMGIFMLGFGALLYFLLGVAMSSPQGEGKDGRPPVAVEAPWVNAAFSLYAFVIGAFTSVLAGWIGMRIAVYTNSRTAVMATVGSGGSDNDVLANGSQSRGYALAFQTAFRGGITMGFALTSIGLFALFCTVKLMQTYFGDSAERLPELFECVAAFGLGGSSVACFGRVGGGIYTKAADVGADLVGKVEKNIPEDDARNPGVIADCIGDNVGDIAGMGSDLFGSFGEATCAALVIAASSAELSADFTCMMYPLLITAGGIFVCIGTALLAATNSGVKWAEDIEPTLKHQLLVSTIGATVVLVFITAYSLPDAFTVGAVETTKWRAMVCVLCGLWSGLLIGYSTEYFTSNSYRPVQEIAESCETGAATNIIYGLSLGYISVLPPILAMAFTIYLSHHCAGLYGYALAALGILSTMSIALTIDAYGPISDNAGGIAEMAHMGHEIREITDALDAAGNTTAAIGKGFAIGSAAFVALALYGAYVSRVGISTVNLLDARVMAGLLLGAMLPYWFSALTMKSVGVAAMDMVNEIRRQFQDPAVAAGTKEPDYESCVNIATGAALQQMVAPACLVMLAPIVTGILFGRYTLAGLLPGALVSGVQVAISASNTGGAWDNAKKYIEKGGLRDKSKGKGSPQHAAAVIGDTVGDPLKDTSGPALNILVKLMAIISVVFAPVVQSKLGGLLVK
Q9GU59,MGAKKKIAYFYDEEVGNFHYGLGHPMKPHRVRMTHDLVSQYGLLEKVDVMVPTPGTVESLTRFHSNDYVDFLRSVNTDNMHDYSDHLARFNVGEDCPVFDGLWEFCQLSAGGSLGGAQSVNELGYQYAINWAGGLHHGKKHEASGFCYVNDCVLGALEFLKYQHRVCYVDIDIHHGDGVEEAFYTSPRCMCVSFHKYGDYFPGTGALNDVGVEEGLGYSVNVPLKDGVDDATFIDLFTKVMTLVMENYRPGAIVLQCGADSLSGDRLGCFNLSLKGHGHAVSFLKKFNVPLLILGGGGYTLRNVPKCWTYETSLIVDTYIDEQLPNSSNFYGYYGPDFSLAVRTSNMENLNSRQDCEEIYRKISENFRDYVFPIGSQISAYDIPEKLPLLYNPNKTPDDYKDGNNIKHEQHQDFDDEMKEWLRLITTTGLLDSIPLI
Q27713,MEDLSETFDIYAICACCKVLNDDEKVRCFNNKTFKGIGNAGVLPWKCNLIDMKYFSSVTSYINENNYIRLKWKRDKYMEKHNLKNNVELNTNIISSTNNLQNIVVMGKKSWESIPKKFKPLQNRINIILSRTLKKEDIVNENNNENNNVIIIKSVDDLFPILKCTKYYKCFIIGGSSVYKEFLDRNLIKKIYFTRINNSYNCDVLFPEINENLFKITSISDVYYSNNTTLDFIIYSKTKEINPNEEVPNNTFLGVCDEQNKAFDDEDDYTYFSFNKNKENIKKNSEHAHNFKIYNSIKYKNHPEYQYLNIIYDIIMHGNKQDDRTGVGVLSKFGYMMKFNLNEYFPLLTTKKLFIRGIIEELLWFIRGETNGNTLLEKNVRIWEANGTREFLDNRKLFHREVNDLGPIYGFQWRHFGAEYTDMHDNYKDKGVDQLKNIINLIKNDPTCRRIILCAWNVKNLDQMALPPCHILCQFYVFDGKLSCIMYQRSCDLGLGVPFNIASYSIFTYMIAQVCNLQAAEFIHVLGNAHVYNNHIESLKIQLNRTPYPFPTLKLNPDIKNIEDFTISDFTVQNYVHHDKINMDMAA
Q01558,MVKVGINGFGRIGRVVFRAAQMRPDIEIVGINDLLDAEYMAYSLKYDSTHGRFDGTVEVIKGALVVNGKSIRVTSERDPANLKWDEIGVEVVVESTGLFLTQETAHKHIEAGARRVVMTGPPKDDTPMFVMGVNHTTYKGQPIISNASCTTNCLAPLAKVVNEKYGIVEGLMTTVHATTATQKTVDGPSLKDWRGGRGASQNIIPSSTGAPKAVGKVYPALDGKLTGMAFRVPTPNVSVVDLTVRLEKPATYKDICAAIKAAAEGEMKGILGYTDDEVVSSDFNGVALTSVFDVKAGISLNDHFVKLVSWYDNETGYSHKVLDLILHTSAR
Q0GKD7,MAHMERFQKVYEEVQEFLLGDAEKRFEMDVHRKGYLKSMMDTTCLGGKYNRGLCVVDVAEAMAKDTKMDAAAMERVLHDACVCGWMIEMLQAHFLVEDDIMDHSKTRRGKPCWYLHPGVTTQVAINDGLILLAWATQMALHYFADRPFLAEVLRVFHDVDLTTTIGQLYDVTSMVDSAKLDANVAHANTTDYIEYTPFNHRRIVVYKTAYYTYWLPLVMGLLVSGTVEKVDKEATHKVAMVMGEYFQVQDDVMDCFTPPEKLGKIGTDIEDAKCSWLAVTFLTTAPAEKVAEFKANYGSTDPAKVAVIKQLYTEQNLLARFEEYEKAVVAEIEQLIAALEAQNTAFAASVKVLWSKTYKRQK
P39051,MSKIFDLVVIGAGSGGLEAGWNAATLYKKRVAVIDVQTHHGPPHYAALGGTCVNVGCVPKKLMVTGAQYMDHLRESAGFGWEFDGSSVKANWKKLIAAKNEAVLDINKSYEGMFNDTEGLDFFLGWGSLESKNVVVVRETADPKSAVKERLQADHILLATGSWPQMPAIPGVEHCISSNEAFYLPEPPRRVLTVGGGFISVEFAGIFNAYKPPGGKVTLCYRNNLILRGFDETIREEVTKQLTANGIEIMTNENPAKVSLNTDGSKHVTFESGKTLDVDVVMMAIGRIPRTNDLQLGNVGVKLTPKGGVQVDEFSRTNVPNIYAIGDITDRLMLTPVAINEGAALVDTVFGNKPRKTDHTRVASAVFSIPPIGTCGLIEEVAAKEFEKVAVYMSSFTPLMHNISGSKYKKFVAKIVTNHSDGTVLGVHLLGDGAPEIIQAVGVCLRLNAKISDFYNTIGVHPTSAEELCSMRTPSYYYLKGEKMETLPESSL
Q8WQX9,MFMNKPFGSKRCEPFHESEHLCEAFAITEAILARYQRGKRSFTSSEKSGLAALIKRIPYDILVEVLDQSGFTPTSNATPPVDYLAMMEHTMTHGASITHALQYLNDLMTKCTGCPGIRTYYHNPNDDVLADPVHDTAALIDETTAVGKSVVTKQYLNIAGAHYIPLIHGDIVVGCVEVPRFSGNLEKLPSFPSLIRAVTCTAHKFIEEARINWNREKAEAMLQMATRLARDNLDETVLASSIMNTVKSLTESARCSLFLVKDDKLEAHFEDGNVVSIPKGTGIVGYVAQTGETVNIVDAYADDRFNREVDKATGYRTKTILCMPVMYEGTIVAVTQLINKLDLTTESGLRLPRVFGKRDEELFQTFSMFAGASLRNCRINDRLLKEKKKSDVILDVVTVLSNTDIRDVDGIVRHALHGAKKLLNADRSTLFLVDKERNELCSRMADSVAGKEIRFPCGQGIAGTVAASGVGENIQDAYQDPRFNREVDKQLGYRTQTILCEPIILNGEILAVVQLVNKLDTSGEVTVFTEDDRDTFRVFSLFAGISINNSHLLEFAVKAGREVMELNEHRATLFNKNVPSRAVKRVTAITKVEREAVLVCELPSFDVTDVEFDLFRARESTDKPLDVAAAIAYRLLLGSGLPQKFGCSDEVLLNFILQCRKKYRNVPYHNFYHVVDVCQTIHTFLYRGNVYEKLTELECFVLLITALVHDLDHMGLNNSFYLKTESPLGILSSASGNTSVLEVHHCNLAVEILSDPESDVFDGLEGAERTLAFRSMIDCVLATDMAKHGSALEAFLASAADQSSDEAAFHRMTMEIILKAGDISNVTKPFDISRQWAMAVTEEFYRQGDMEKERGVEVLPMFDRSKNMELAKGQIGFIDFVAAPFFQKIVDACLQGMQWTVDRIKSNRAQWERVLETRLSTSSGNNSSTR
P34707,MGGSSRRQRSTSATRRDDKRRRRQCFSSVADDEEETTSIYGVSSIFIWILATSSLILVISSPSSNTSIQSSSYDRITTKHLLDNISPTFKMYTDSNNRNFDEVNHQHQQEQDFNGQSKYDYPQFNRPMGLRWRDDQRMMEYFMSNGPVETVPVMPILTEHPPASPFGRGPSTERPTTSSRYEYSSPSLEDIDLIDVLWRSDIAGEKGTRQVAPADQYECDLQTLTEKSTVAPLTAEENARYEDLSKGFYNGFFESFNNNQYQQKHQQQQREQIKTPTLEHPTQKAELEDDLFDEDLAQLFEDVSREEGQLNQLFDNKQQHPVINNVSLSEGIVYNQANLTEMQEMRDSCNQVSISTIPTTSTAQPETLFNVTDSQTVEQWLPTEVVPNDVFPTSNYAYIGMQNDSLQAVVSNGQIDYDHSYQSTGQTPLSPLIIGSSGRQQQTQTSPGSVTVTATATQSLFDPYHSQRHSFSDCTTDSSSTCSRLSSESPRYTSESSTGTHESRFYGKLAPSSGSRYQRSSSPRSSQSSIKIARVVPLASGQRKRGRQSKDEQLASDNELPVSAFQISEMSLSELQQVLKNESLSEYQRQLIRKIRRRGKNKVAARTCRQRRTDRHDKMSHYI
Q9BJF5,MGQQESTLGGAAGEPRSRGHAAGTSGGPGDHLHATPGMFVQHSTAIFSDRYKGQRVLGKGSFGEVILCKDKITGQECAVKVISKRQVKQKTDKESLLREVQLLKQLDHPNIMKLYEFFEDKGYFYLVGEVYTGGELFDEIISRKRFSEVDAARIIRQVLSGITYMHKNKIVHRDLKPENLLLESKSKDANIRIIDFGLSTHFEASKKMKDKIGTAYYIAPEVLHGTYDEKCDVWSTGVILYILLSGCPPFNGANEYDILKKVEKGKYTFELPQWKKVSESAKDLIRKMLTYVPSMRISARDALDHEWIQTYTKEQISVDVPSLDNAILNIRQFQGTQKLAQAALLYMGSKLTSQDETKELTAIFHKMDKNGDGQLDRAELIEGYKELMRMKGQDASMLDASAVEHEVDQVLDAVDFDKNGYIEYSEFVTVAMDRKTLLSRERLERAFRMFDSDNSGKISSTELATIFGVSDVDSETWKSVLSEVDKNNDGEVDFDEFQQMLLKLCGN
P46925,MDITVREHDFKHGFIKSNSTFDGLNIDNSKNKKKIQKGFQILYVLLFCSVMCGLFYYVYENVWLQRDNEMNEILKNSEHLTIGFKVENAHDRILKTIKTHKLKNYIKESVNFLNSGLTKTNYLGSSNDNIELVDFQNIMFYGDAEVGDNQQPFTFILDTGSANLWVPSVKCTTAGCLTKHLYDSSKSRTYEKDGTKVEMNYVSGTVSGFFSKDLVTVGNLSLPYKFIEVIDTNGFEPTYTASTFDGILGLGWKDLSIGSVDPIVVELKNQNKIENALFTFYLPVHDKHTGFLTIGGIEERFYEGPLTYEKLNHDLYWQITLDAHVGNIMLEKANCIVDSGTSAITVPTDFLNKMLQNLDVIKVPFLPFYVTLCNNSKLPTFEFTSENGKYTLEPEYYLQHIEDVGPGLCMLNIIGLDFPVPTFILGDPFMRKYFTVFDYDNHSVGIALAKKNL
O96935,MKLTKGCAYKYIIFTVLILANILYDNKKRCMIKKNLRISSCGIISRLLKSNSNYNSFNKNYNFTSAISELQFSNFWNLDILQKDIFSNIHNNKNKPQSYIIHKRLMSEKGDNNNNNHQNNNGNDNKKRLGSVVNNEENTCSDKRMKPFEEGHGITQVDKMNNNSDHLQQNGVMNLNSNNVENNNNNNSVVVKKNEPKIHYRKDYKPSGFIINNVTLNINIHDNETIVRSVLDMDISKHNVGEDLVFDGVGLKINEISINNKKLVEGEEYTYDNEFLTIFSKFVPKSKFAFSSEVIIHPETNYALTGLYKSKNIIVSQCEATGFRRITFFIDRPDMMAKYDVTVTADKEKYPVLLSNGDKVNEFEIPGGRHGARFNDPHLKPCYLFAVVAGDLKHLSATYITKYTKKKVELYVFSEEKYVSKLQWALECLKKSMAFDEDYFGLEYDLSRLNLVAVSDFNVGAMENKGLNIFNANSLLASKKNSIDFSYARILTVVGHEYFHNYTGNRVTLRDWFQLTLKEGLTVHRENLFSEEMTKTVTTRLSHVDLLRSVQFLEDSSPLSHPIRPESYVSMENFYTTTVYDKGSEVMRMYLTILGEEYYKKGFDIYIKKNDGNTATCEDFNYAMEQAYKMKKADNSANLNQYLLWFSQSGTPHVSFKYNYDAEKKQYSIHVNQYTKPDENQKEKKPLFIPISVGLINPENGKEMISQTTLELTKESDTFVFNNIAVKPIPSLFRGFSAPVYIEDNLTDEERILLLKYDSDAFVRYNSCTNIYMKQILMNYNEFLKAKNEKLESFNLTPVNAQFIDAIKYLLEDPHADAGFKSYIVSLPQDRYIINFVSNLDTDVLADTKEYIYKQIGDKLNDVYYKMFKSLEAKADDLTYFNDESHVDFDQMNMRTLRNTLLSLLSKAQYPNILNEIIEHSKSPYPSNWLTSLSVSAYFDKYFELYDKTYKLSKDDELLLQEWLKTVSRSDRKDIYEILKKLENEVLKDSKNPNDIRAVYLPFTNNLRRFHDISGKGYKLIAEVITKTDKFNPMVATQLCEPFKLWNKLDTKRQELMLNEMNTMLQEPNISNNLKEYLLRLTNKL
Q9N6S8,MDYNMDYAPHEVISQQGERFVDKYVDRKILKNKKSLLVIISLSVLSVVGFVLFYFTPNSRKSDLFKNSSVENNNDDYIINSLLKSPNGKKFIVSKIDEALSFYDSKKNDINKYNEGNNNNNADFKGLSLFKENTPSNNFIHNKDYFINFFDNKFLMNNAEHINQFYMFIKTNNKQYNSPNEMKERFQVFLQNAHKVNMHNNNKNSLYKKELNRFADLTYHEFKNKYLSLRSSKPLKNSKYLLDQMNYEEVIKKYRGEENFDHAAYDWRLHSGVTPVKDQKNCGSCWAFSSIGSVESQYAIRKNKLITLSEQELVDCSFKNYGCNGGLINNAFEDMIELGGICPDGDYPYVSDAPNLCNIDRCTEKYGIKNYLSVPDNKLKEALRFLGPISISVAVSDDFAFYKEGIFDGECGDQLNHAVMLVGFGMKEIVNPLTKKGEKHYYYIIKNSWGQQWGERGFINIETDESGLMRKCGLGTDAFIPLIE
Q5SC61,MSQSTSAGGSQAVAQNPGAKLGFSMRSASIASDSVPCESGLCEAPPGVLSGAGTVFCESTYKVKIDNETVWQVPTRLKFVKKVGSGAYGCVASFEDTSASASEQGTEDDPSRREQSGETRTSQTGSAEGDSGTNKKVAVKKIGDLFRDLIDAKRIYREIKILKELKHENIINLVEILDPLTPDFEDIYLVSDLMDTDLHRVIYSRQPLTPEHHQYFLYQLLLGLSFLHQADIIHRDLKPSNILVNLNCDIKICDFGLARGLNMNPAPPPNLLPPATHRAGPAAAQDVVCTYTPPDNLSGAGKWGDQKLAAAAGAGSIAATRLVRLAHQQGSSLIGAQHQVPAKTDDASDDMELTDYVVTRWYRPPEILISPFCYSKPVDLWSVGCIFAELLGRRALFAGKDHFDQLRRIVRVLGRPSTAEINKVANEGRGRHFNNPSKGTSNTKRKRSEAARRFIESLPNSDPYKLEDLFPDASKAALDLLSNLLTFDPAKRITVQEALRHEYFEGLHSVEDEPTVTTPVNWSFDNFVPTKR
Q197X6,MVDAVSLVSCRARHSHSLFAFSLSRRSCIQKHRFFSYVKSVPSSLPSPSSSSSPFTLSPRRRCLPPLVLPLEAAGHLPPALHSGSGISCPRSSSLSLSSSSPMRAPPSISLGLPPAQRPSLCFSPTSRLSAPVSPWSFSRQLSLATLAPLASVSSWKKAAALPKPDGAAAVSDERTSAERADALAGAWRASASHVEDRFKQAFPEVRGTLLSHIAGLDLPASLSARLLSYYARLLDYTCSGGKLTRGILVLYAAAAASHAPVLPPPSPSPAAAPASSASSVSSSPCSSSLAESERVPGSALSPALPPSSFRCLAALGWCVELLQSCFLVMDDVMDHSLTRRGKQCWYRCDGIGVSNAVNDSLVLEAAVYRVLREYLGDHPAYVQLQDLLLGNTFTTLIGQHLDSEDALAALSEASQNLESRQSEDNSSASSATAAGSSLLRDASLSDKDFTHHSYVSSSLSSSRSSPSLSASSLPSSEVLAQKLADRQATVARLKTSHYSFYLPTALGMTYGGLTDPALMAQAKELCLAIGEYFQVQDDYLDCFSDPKISGKIGSDIQEKKCCWLFVQAVRRASREDLAQLLRVYGQPEYVDWVKDLYRRLDLTSLYFQYEEETLAKLRRSVSSFPHDGMKAFFGLVLGRLHKRQK
Q4E657,MENRLRDTSRVVRSHAAPLNEVTQEDLKVERLHGRKYMNPSKKHVMREEFSDKIEHIMHDPRPQEGVHSELPVSISPLLCELAAPRQRIHFNPPETVVGIVTCGGICPGLNDVIRSLTLTAVNAYRVKRVIGFRFGYWGLSKKGSHTAMELYRTSVTSIHRYGGTILGSSRGPQDTSEMVDTLERLGVNILFTVGGDGTQRGALKIAEEAKRRGANLAVFGIPKTIDNDLSFSHRTFGFETAVDKAVEAVRAAYAEAISLNYGVGVVKLMGRDSGFIAAEAAVASAQANICLVPENPISEDIVMALIQRRFETSRSCVIIVAEGFGQDWEGGTGGHDASGNKKLTDIGVVLTKRIQAWLRKNKERYPNGTVKYIDPSYMIRACPPSANDALFCATLSTLAMHEAMAGATNCIIALRYNSYILVPIKVATSVRRVLDLRGQLWRQVREITVGLQDDVRAFKEAEVRRELEAISLVRERLIGQLSKL
Q3HTL5,QINYDAVIKKYKGNENFDHAAYDWRLHSGVTPVKDQKNCGSCWAFSSIGSVESQYAIRKNKLITLSEQELVDCSFKNYGCNGGLINNAFEDMIELGGICTDDDYPYVSDAPNLCNIDRCTEKYGIKNYLSVPDNKLKEALRFLGPISISIAVSDDFPFYKEGIFDGECGDELNHAVMLVGFGMKEIVNPLTKKGEKHYYYIIKNSWGQQWGERGFINIETDESGLMRKCGLGTDAFIPLIE
Q8T6T2,MGTKNIGKGLTFEDILLVPNYSEVLPREVSLETKLTKNVSLKIPLISSAMDTVTEHLMAVGMARLGGIGIIHKNMDMESQVNEVLKVKNWISNLEKNESTPDQNLDKESTDGKDTKSNNNIDAYSNENLDNKGRLRVGAAIGVNEIERAKLLVEAGVDVIVLDSAHGHSLNIIRTLKEIKSKMNIDVIVGNVVTEEATKELIENGADGIKVGIGPGSICTTRIVAGVGVPQITAIEKCSSVASKFGIPIIADGGIRYSGDIGKALAVGASSVMIGSILAGTEESPGEKELIGDTVYKYYRGMGSVGAMKSGSGDRYFQEKRPENKMVPEGIEGRVKYKGEMEGVVYQLVGGLRSCMGYLGSASIEELWKKSSYVEITTSGLRESHVHDVEIVKEVMNYSK
Q8I2J3,MDKKAREYAQDALKFIQRSGSNFLACKNLKERLENNGFINLSEGETWNLNKNEGYVLCKENRNICGFFVGKNFNIDTGSILISIGHIDSCALKISPNNNVIKKKIHQINVECYGSGLWHTWFDRSLGLSGQVLYKKGNKLVEKLIQINKSVLFLPSLAIHLQNRTRYDFSVKINYENHIKPIISTTLFNQLNKCKRNNVHHDTILTTDTKFSHKENSQNKRDDQMCHSFNDKDVSNHNLDKNTIEHLTNQQNEEKNKHTKDNPNSKDIVEHINTDNSYPLLYLLSKELNCKEEDILDFELCLMDTQEPCFTGVYEEFIEGARFDNLLGSFCVFEGFIELVNSIKNHTSNENTNHTNNITNDINDNIHNNLYISIGYDHEEIGSLSEVGARSYCTKNFIDRIISSVFKKEIHEKNLSVQEIYGNLVNRSFILNVDMAHCSHPNYPETVQDNHQLFFHEGIAIKYNTNKNYVTSPLHASLIKRTFELYYNKYKQQIKYQNFMVKNDTPCGSTVGSMVAANLSMPGIDIGIPQLAMHSIREIAAVHDVFFLIKGVFAFYTYYNQVLSTCVHDK
Q6R7Z5,MHLMRACITFCIASTAVVAVNAALVAEDAPVLSKAFVDRVNRLNRGIWKAKYDGVMQNITLREAKRLNGVIKKNNNASILPKRRFTEEEARAPLPSSFDSAEAWPNCPTIPQIADQSACGSCWAVAAASAMSDRFCTMGGVQDVHISAGDLLACCSDCGDGCNGGDPDRAWAYFSSTGLVSDYCQPYPFPHCSHHSKSKNGYPPCSQFNFDTPKCNYTCDDPTIPVVNYRSWTSYALQGEDDYMRELFFRGPFEVAFDVYEDFIAYNSGVYHHVSGQYLGGHAVRLVGWGTSNGVPYWKIANSWNTEWGMDGYFLIRRGSSECGIEDGGSAGIPLAPNTA
Q6UCJ9,MVGFKLLTLGAFVAGELTLVGPAGTMAFTVPNATGAKPLVTSVSVRPSWSSARQNAFSSSSSRSQSSVRPHSAFVTNRLETAGETGTQHRAADSAAGVGAAQSAFPIDLRGQTAFVAGVADSHGYGWAIAKHLASAGARVALGTWPPVLGLFQKSLQSGRLDEDRKLPDGSLIEFAGVYPLDAAFDKPEDVPQDIKDNKRYAGVDGYTIKEVAVKVKQDLGNIDILVHSLANGPEVTKPLLETSRKGYLAASSNSAYSFVSLLQHFGPIMNEGGSAVTLSYLAAERVVPGYGGGMSSAKAALESDTRTLAWEAGQKYGVRVNAISAGPLKSRAASAIGKSGEKSFIDYAIDYSYNNAPLRRDLHSDDVGGAALFLLSPLARAVSGVTLYVDNGLHAMGQAVDSRSMPPLQRATQEIN
A5H660,MSVGIVYGDQYRQLCCSSPKFGDRYALVMDLINAYKLIPELSRVPPLQWDSPSRMYEAVTAFHSTEYVDALKKLQMLHCEEKELTADDELLMDSFSLNYDCPGFPSVFDYSLAAVQGSLAAASALICRHCEVVINWGGGWHHAKRSEASGFCYLNDIVLAIHRLVSSTPPETSPNRQTRVLYVDLDLHHGDGVEEAFWYSPRVVTFSVHHASPGFFPGTGTWNMVDNDKLPIFLNGAGRGRFSAFNLPLEEGINDLDWSNAIGPILDSLNIVIQPSYVVVQCGADCLATDPHRIFRLTNFYPNLNLDSDCDSECSLSGYLYAIKKILSWKVPTLILGGGGYNFPDTARLWTRVTALTIEEVKGKKMTISPEIPEHSYFSRYGPDFELDIDYFPHESHNKTLDSIQKHHRRILEQLRNYADLNKLIYDYDQVYQLYNLTGM
Q25615,MRIGAMLIPFIILGNAIIAYGYVRGCYYTNWAQYRQGEGKFLPEDIPKGLCTHILYAFAKVDQSGTSLPFEWNDEDTNWSKGMYSRVTKLKENDPEMKILLSYGGYNFGSSTFTAIRNRAEKRKHFIKSAIAFLRKNKFDGFDFDWEYPIGMAQEYAKLVNEMKVAFVEEAKKSDSEQLLLTAAVSAGKHTIDQSYNVQSLGENFDLLSLMSYDFHGSWEMNVDLHAKLHPTKGETSGTGIFNTEFAANYWLSKGMPKQKIIIGIPTYGRGWTLRDSSKTTIGAEGISPSSPSTTNPAGGTAAYWEICKYLKEGGKETIDEQGVGACMVQGSQWYGYDNEETIRMKMRWLKEKGYGGAFIWTLDFDDFKGTSCGEGPYPLLSAINHELKGEATATTRSLRTTITQSSTIGSTKFETTTTASEITKNNKIKTTTIAVEPTGESSDIKCPESFGLFRHPNDCHLFIHCAHDHPYVKLCPPNTFFNDKIKVCDHFGECDE
Q9GUA8,MAKRVSYFYDGDIGSYYYGPGHPMKPQRIRMAHNLILSYDLYKHMEIYKPHKSPQSELVYFHEEDYINFLSSINPDNSKDFGLQLKRFNLGETTDCPVFDGLFEFQQICAGGSIDGAYKLNNEQSDICINWSGGLHHAKRSEASGFCYINDIVLGILELLKYHARVMYIDIDVHHGDGVEEAFYLSHRVLTVSFHKFGEFFPGTGDITDIGVAQGKYYSVNVPLNDGIDDDSFLSLFKPIISKCIEVYRPGAIVLQCGADSVRGDRLGRFNLSIKGHAECVEFCKIFNIPLLILGGGGYTIRNVARTWAYETATILDRTDLISDNIPLYDYYDYFAPDFKLHIPPLNLPNMNSPEHLEKIKAKVIDNLRYLEHAPGVEFAYVPSDFFDREASNLQKQEDEEREEELSSWQGGGRAAGSTESQGNHNEKPKSSRKLQKEHASEFY
P39898,MALSIKEDFSSAFAKNESAVNSSTFNNNMKTWKIQKRFQILYVFFFLLITGALFYYLIDNVLFPKNKKINEIMNTSKHVIIGFSIENSHDRIMKTVKQHRLKNYIKESLKFFKTGLTQKPHLGNAGDSVTLNDVANVMYYGEAQIGDNKQKFAFIFDTGSANLWVPSAQCNTIGCKTKNLYDSNKSKTYEKDGTKVEMNYVSGTVSGFFSKDIVTIANLSFPYKFIEVTDTNGFEPAYTLGQFDGIVGLGWKDLSIGSVDPVVVELKNQNKIEQAVFTFYLPFDDKHKGYLTIGGIEDRFYEGQLTYEKLNHDLYWQVDLDLHFGNLTVEKATAIVDSGTSSITAPTEFLNKFFEGLDVVKIPFLPLYITTCNNPKLPTLEFRSATNVYTLEPEYYLQQIFDFGISLCMVSIIPVDLNKNTFILGDPFMRKYFTVFDYDNHTVGFALAKKKL
Q8I6Z5,MNNYFLRKENFFILFCFVFVSIFFVSNVTIIKCNNVENKIDNVGKKIENVGKKIGDMENKNDNVENKNDNVGNKNDNVKNASSDLYKYKLYGDIDEYAYYFLDIDIGKPSQRISLILDTGSSSLSFPCNGCKDCGIHMEKPYNLNYSKTSSILYCNKSNCPYGLKCVGNKCEYLQSYCEGSQIYGFYFSDIVTLPSYNNKNKISFEKLMGCHMHEESLFLHQQATGVLGFSLTKPNGVPTFVDLLFKHTPSLKPIYSICVSEHGGELIIGGYEPDYFLSNQKEKQKMDKSDNNSSNKGNVSIKLKNNDKNDDEENNSKDVIVSNNVEDIVWQAITRKYYYYIKIYGLDLYGTNIMDKKELDMLVDSGSTFTHIPENIYNQINYYLDILCIHDMTNIYEINKRLKLTNESLNKPLVYFEDFKTALKNIIQNENLCIKIVDGVQCWKSLENLPNLYITLSNNYKMIWKPSSYLYKKESFWCKGLEKQVNNKPILGLTFFKNKQVIFDLQQNQIAFIESKCPSNLTSSRPRTFNEYREKENIFLKVSYINLYCLWLLLALTILLSLILYVRKMFYMDYFPLSDQNKSPIQEST
A0A113T0T6,MDIIEESNKCKENNKGNIVVLNFGTTDKTNAVTILETALYLTEKYIGKIINTSYMYETVPEYVVLDKSDIPKNIIGEDDPYDVSSLNDLVKGLEKSKYENVFQGEENLVSQCEEYERFLNNKDLFENKIKQISTEKYESETSNIIKENDEIMKINLEKHKNKYYTSYFYNLVVVFKCFIDDPLNLLVILKYIEHLMKRKNSKEVEKFENRLIDIDILFFNNYTIFEKNINLTKNDLYTIMCKYINIEYDNSSSDNCNKLSRNIEEIKDNIKFLSIPHVYTKHRYSILLCLNDIMPNYKHNALKETINKLHEEFITSFSKLYNTCIKKYNKRLYVLKNEVLCLKEKTNIVGILNTNYNSFSDGGLFVKPNIAVHRMFQMIKEGVDIIDIGGESSAPFVSHNPEIKERDLVIPVLELFEQEWNKMLQIRENGMEKQKDKLNQNDLSLQKKTSTIYKPPISIDTMNYDLFKECVDKNLVDILNDISACTNDPKIIKLLKKKNKYYSVVLMHKRGNPHTMDMLTQYEDVVYDIKKYLEDRLNFLTLNGIPRYRIILDIGLGFAKKHDQSIKLLQNIQVYDDCPLFIGYSRKRFISHTLAQTCAEICPNTISENENVQNDESGKNTFAVRNIRKDKDQYLYQKNILGGLAIASYCFDKKVEMIRVHDVFETRCVLDMMKRLHQTE
Q25270,MREIVSCQAGQCGNQIGSKFWEVIADEHGVDPTGSYQGDSDLQ
Q38C41,MSRRLNNILEHISIQGNDGETVRAVKRDVAMAALTNQFTMSVESMRQIMTYLLYEMVEGLEGRESTVRMLPSYVYKADPKRATGVFYALDLGGTNFRVLRVACKEGAVVDSSTSAFKIPKYALEGNATDLFDFIASNVKKTMETRAPEDLNRTVPLGFTFSFPVEQTKVNRGVLIRWTKGFSTKGVQGNDVIALLQAAFGRVSLKVNVVALCNDTVATMISHYFKDPEVQVGVIIGTGSNACYFETASAVTKDPAVAARGSALTPISMESGNFDSKYRFVLPTTKFDLDIDDASLNKGQQALEKMISGMYLGEIARRVIVHLSSINCLPAALQTALGNRGSFESRFAGMISADRMPGLQFTRSTIQKVCGVDVQSIEDLRIIRDVCRLVRGRAAQLSASFCCAPLVKTQTQGRATIAIDGSVFEKIPSFRRVLQDNINRILGPECDVRAVLAKGGSGVGAALISAIVADGK
P07752,MSKRVEVLLTQLPAYNRLKTPYEAELIETAKKMTAPGKGLLAADESTGSCSKRFAGIGLSNTAEHRRQYRALMLECEGFEQYISGVILHDETVYQKAKTGETFPQYLRRRGVVPGIKTDCGLEPLVEGAKGEQMTAGLDGYIKRAKKYYAMGCRFCKWRNVYKIQNGTVSEAVVRFNAETLARYAILSQLCGLVPIVEPEVMIDGTHDIETCQRVSQHVWSEVVSALHRHGVVWEGCLLKPNMVVPGAESGLKGHAEQVAEYTVKTLARVIPPALPGVTFLSGGLSEVMASEYLNAMNNCPLPRPWKLTFSYARALQSSAIKRWGGKESGVEAGRRAFMHRAKMNSLAQLGKYNRADDDKDSQSLYVAGNTY
Q53I59,MSEDAGLPVPRSQWVERGVSCATCGKRFSLFTAKSNCPCCGKLCCSDCVQAECAIVGGSAPSKVCIDCFSMLQSRRRVEPDEGSSFREFNAASAFPLQTRLLADGRVESGETSRVSPPNDGRVQHVSRANGYSNSLPVLDEYVDDLLRKSELLRMENDVLLNRLREQEAEIHALRLERDRAVARIVPDGGSMAGRSGLPQVSDEIVKELRGELAVAHLRIESVKRELKNALDRAKSSETMVRNLKQGLCNYKEEVVRPLQSREEVEMLPGVNGRRDMISTRRLPPSIVQDTILAVVPPKSCAAIGTDVDLRDWGFDTFEVASRVPSVLQSVAMHVALAWNFFASQEEAQKWAFLVAAVENNYRPNPYHNAIHAADVLQGTFSLVSAAKPLMEHLTPLECKAAAFAALTHDVCHPGRTNAFLAAVQDPVSFKFSGKGTLEQLHTVTAFELLNVTEFDFTSSMDNASFLEFKNIVSHLIGHTDMSLHSETIAKHGAKLSAGGFDCTCKEDRLEALSLLLHAADIGASSRGVAIARKWLVILQEFADQAEDERRRGLPVTPGFDTPSSVEKSQIPFLDFFVIPTFDLLHQLFPSIEEPLHNLRKLRELYAAKAGVTTPFPPPVDYRSREERIRSLEAELAYFRRREEEFHRQLQELRTASENENKSSAAPMTREGALNKQSQLVCRGEGNMNADWADAGGGFRNGKDVRDLQDVSMDHLVSSKTVESDTGDSGPRGRRGSKAETTKAYERKLGEREAALMATARLLENREKRLAVFSEKLAEIAEGLHEERKRLQPMEEFKTPCFSRETELISEESASMDVTHRFSTQWEAEERLARKYRELDELLLIVRAMRMGYAARRNTNLGWKALSATLAEREAAISEAVELSRQRRRHLEEGRGPHPTATHLDRLENATFQLMSAITLLTQC
O77344,MKNWPIDEDINIYEEKNHTNNKNYVNNFEMSDQKDEEEYSHSSNRSEDEDEERTIDNEINRSPNKSYKLGNIIGNGSFGVVYEAICIDTSEQVAIKKVLQDPQYKNRELMIMKNLNHINIIYLKDYYYTESFKKNEKNIFLNVVMEYIPQTVHKYMKYYSRNNQALPMFLVKLYSYQLCRALSYIHSKFICHRDLKPQNLLIDPRTHTLKLCDFGSAKNLLAGQRSVSYICSRFYRAPELMLGSTNYTTHIDLWSLGCIIAEMILGYPIFSGQSSVDQLVRIIQVLGTPTEDQLKEMNPNYADIKFPDVKSKDLRKVFPKGTPDEAINLITQFLKYEPLKRLNPIEALADPFFDELRDPCIKLPKYIDKLPELFNFCKEEIQEMSMECRRKIIPKNVYEEFLMVDENDNNIINDTISNDFNESNLDTNNSNNKTHVIIES
P90518,MSSLPHNHHYETHHRGTAEVPFDELIGVTPDGVPVISNGNEAHFSNLESITAACLPLSSFERKAPCKQPYRKMGVKWQCVEFVRRYLASRKAVWMTSLCTAEEVWREENLFVDVRDGRPVEVVRTPNKSTGPAPAVADIVVWGEGPETPFGHVAIVTEVCASCVRVAEQNQGFEKWPEDVPFSREIAMRTTESGEVELLDEDPLLGWVTVQAPFYNFDDGDLADSFRLVVGQGQILRQPFPKHVDVPWLNTGEECDTILKHSLVVDGNMGEGAHAEEGDVPGAFYFLDYDMFCRLGRAASSLHRIAMAATAKVLEDPESTHLLEHYFGVPPEIQPLLRRSWEMTPPMGGRFDFGYDGKNVVMLEYNCDSSGALLECCNTQEKMARFYGVSQGTSTGSFLGAKCVTYFQRLLTNEKVCPQHRLIHFMIDEDDEERYTARCMMGFAEQAGFRTKLCVKLVNFRYRDGPPSNAAPLATPCDHPTIVDGEDEEVLMVWKTWSWDTVLHQYHSQRSSSDAVNTPTLSDILLNNNIRVLEPLWKAVTGSKAILPFMHALAPDHEHMLAASFLPTREIISRHYISKPVNGRAGQNIMMYDPVTSPTELEGAPQQDICEALSQNASARSLLNGSPLPLSQSVDQTNECSPGKFFDSVLVYQQRLFLKKFDGKYFPIFCGWMVGDEFGGVVVREDTSKITKLSSMVVPARVVRDNVPLGVSYSDEGET
O61142,MMLNKKVVALCTLTLHLFCIFLCLGKEVRSEENGKIQDDAKKIVSELRFLEKVEDVIEKSNIGGNEVDADENSFNPDTEVPIEEIEEIKMRELKDVKEEKNKNDNHNNNNNNNNISSSSSSSSNTFGEEKEEVSKKKKKLRLIVSENHATTPSFFQESLLEPDVLSFLESKGNLSNLKNINSMIIELKEDTTDDELISYIKILEEKGALIESDKLVSADNIDISGIKDAIRRGEENIDVNDYKSMLEVENDAEDYDKMFGMFNESHAATSKRKRHSTNERGYDTFSSPSYKTYSKSDYLYDDDNNNNNYYYSHSSNGHNSSSRNSSSSRSRPGKYHFNDEFRNLQWGLDLSRLDETQELINEHQVMSTRICVIDSGIDYNHPDLKDNIELNLKELHGRKGFDDDNNGIVDDIYGANFVNNSGNPMDDNYHGTHVSGIISAIGNNNIGVVGVDVNSKLIICKALDEHKLGRLGDMFKCLDYCISRNAHMINGSFSFDEYSGIFNSSVEYLQRKGILFFVSASNCSHPKSSTPDIRKCDLSINAKYPPILSTVYDNVISVANLKKNDNNNHYSLSINSFYSNKYCQLAAPGTNIYSTAPHNSYRKLNGTSMAAPHVAAIASLIFSINPDLSYKKVIQILKDSIVYLPSLKNMVAWAGYADINKAVNLAIKSKKTYINSNISNKWKKKSRYLH
Q27793,MSLFKIRMPETVAEGTRLALRAFSLVVAVDEHGGIGDGRSIPWNVPEDMKFFRDLTTKLRGKNVKPSPAKRNAVVMGRKTWDSIPPKFRPLPGRLNVVLSSTLTTQHLLDGLPDEEKRNLHADSIVAVNGGLEQALRLLASPNYTPSIETVYCIGGGSVYAEALRPPCVHLLQAIYRTTIRASESSCSVFFRVPESGTEAAAGIEWQRETISEELTSANGNETKYYFEKLIPRNREEEQYLSLVDRIIREGNVKHDRTGVGTLSIFGAQMRFSLRNNRLPLLTTKRVFWRGVCEELLWFLRGETYAKKLSDKGVHIWDDNGSRAFLDSRGLTEYEEMDLGPVYGFQWRHFGAAYTHHDANYDGQGVDQIKAIVETLKTNPDDRRMLFTAWNPSALPRMALPPCHLLAQFYVSNGELSCMLYQRSCDMGLGVPFNIASYALLTILIAKATGLRPGELVHTLGDAHVYSNHVEPCNEQLKRVPRAFPYLVFRREREFLEDYEEGDMEVIDYAPYPPISMKMAV
Q17SB2,MALTVKEEEFSNTLIKNASAFDRLKLGNLKNLKIQKKLQFLYLILFVLITGVFFFFLIGNFYSHRKLYQVIKNTKHTTIGFKIDRPHDKVLSSVLKNKLSTYVKESFKFFKSGYAQKGYLGSENDSIELDDVANLMFYGEGQIGTNKQPFMFIFDTGSANLWVPSVNCDSIGCSTKHLYDASASKSYEKDGTKVEISYGSGTVRGYFSKDVISLGDLSLPYKFIEVTDADDLEPIYSGSEFDGILGLGWKDLSIGSIDPVVVELKKQNKIDNALFTFYLPVHDKHVGYLTIGGIESDFYEGPLTYEKLNHDLYWQIDLDIHFGKYVMQKANAVVDSGTSTITAPTSFLNKFFRDMNVIKVPFLPLYVTTCDNDDLPTLEFHSRNNKYTLEPEFYMDPLSDIDPALCMLYILPVDIDDNTFILGDPFMRKYFTVFDYEKESVGFAVAKN
Q8ST54,MSARLNNLLQHIAVKDKDSDTMRHLKQRMALASLANQFTVGKDHLKQLMLYMVHQMIEGLEGRESTLRMLPSYVYKTDPSKATGVFYALDLGGTNFRVLRVTCKEGRVADRVDAKFVIPQQALQGTAEDLFGFIAQSVKKMMEQKAPEDLNRTVPLGFTFSFPTEQKGVDHGFLIKWTKGFSTRGVEGKDVVELLQKALKRMEVKVKVVALCNDTVGTLITNYFFDPDTQVGVIIGTGSNACYFEDAYAVTKEPSVAARGTTQTPINMECGNFDSKYKFVLPVTAYDEAMDAVTPNRNFQTQEKMVSGMYLGEISRRMIAHLAELHCLPSALASKMAKPWSFETKFMGMISADRMPGLQFTRQVFQELFQVDVTDVADLHVIRDVCCLVRGRAAQISAMFCSAPLVKTRKEGRATVAIDGSVFEKTPSFRRLLQQNMNAILGPGCDVTTALARDGSGIGAAFISALVVNDK
O96214,MKDILSNYSNLIYLNKYVKEKDKYINDYRIIRTLNQGKFNKIILCEKDNKFYALKKYEKSLLEKKRDFTKSNNDKISIKSKYDDFKNELQIITDIKNEYCLTCEGIITNYDEVYIIYEYMENDSILKFDEYFFVLDKNYTCFIPIQVIKCIIKSVLNSFSYIHNEKNICHRDVKPSNILMDKNGRVKLSDFGESEYMVDKKIKGSRGTYEFMPPEFFSNESSYNGAKVDIWSLGICLYVMFYNVVPFSLKISLVELFNNIRTKNIEYPLDRNHFLYPLTNKKSTCSNNFLSNEDIDFLKLFLRKNPAERITSEDALVTAK
Q8I1R6,MMEQVCDVFDIYAICACCKVESKNEGKKNEVFNNYTFRGLGNKGVLPWKCNSLDMKYFCAVTTYVNESKYEKLKYKRCKYLNKETVDNVNDMPNSKKLQNVVVMGRTSWESIPKKFKPLSNRINVILSRTLKKEDFDEDVYIINKVEDLIVLLGKLNYYKCFIIGGSVVYQEFLEKKLIKKIYFTRINSTYECDVFFPEINENEYQIISVSDVYTSNNTTLDFIIYKKTNNKMLNEQNCIKGEEKNNDMPLKNDDKDTCHMKKLTEFYKNVDKYKINYENDDDDEEEDDFVYFNFNKEKEEKNKNSIHPNDFQIYNSLKYKYHPEYQYLNIIYDIMMNGNKQSDRTGVGVLSKFGYIMKFDLSQYFPLLTTKKLFLRGIIEELLWFIRGETNGNTLLNKNVRIWEANGTREFLDNRKLFHREVNDLGPIYGFQWRHFGAEYTNMYDNYENKGVDQLKNIINLIKNDPTSRRILLCAWNVKDLDQMALPPCHILCQFYVFDGKLSCIMYQRSCDLGLGVPFNIASYSIFTHMIAQVCNLQPAQFIHVLGNAHVYNNHIDSLKIQLNRIPYPFPTLKLNPDIKNIEDFTISDFTIQNYVHHEKISMDMAA
P50250,MVENKSKVKDISLAPFGKMQMEISENEMPGLMRIREEYGKDQPLKNAKITGCLHMTVECALLIETLQKLGAQIRWCSCNIYSTADYAAAAVSTLENVTVFAWKNETLEEYWWCVESALTWGDGDDNGPDMIVDDGGDATLLVHKGVEYEKLYEEKNILPDPEKAKNEEERCFLTLLKNSILKNPKKWTNIAKKIIGVSEETTTGVLRLKKMDKQNELLFTAINVNDAVTKQKYDNVYGCRHSLPDGLMRATDFLISGKIVVICGYGDVGKGCASSMKGLGARVYITEIDPICAIQAVMEGFNVVTLDEIVDKGDFFITCTGNVDVIKLEHLLKMKNNAVVGNIGHFDDEIQVNELFNYKGIHIENVKPQVDRITLPNGNKIIVLARGRLLNLGCATGHPAFVMSFSFCNQTFAQLDLWQNKDTNKYENKVYLLPKHLDEKVALYHLKKLNASLTELDDNQCQFLGVNKSGPFKSNEYRY
O61059,MSDKLEANGRSSRSEKEPIHDVITKNVMEDEDDAPPFLSASNARVTLVQAIGGCLNGYSIGFVGVYSTLFGYSTNCANFRSERGCTTAPNADCQWFANATGTSYCGWPEITCRRTYTYSSVAEMPGAIAQCEADSRCRWSYSAKECQNPSGYSSSESGIFAGSMIAGCLIGSVFAGPLASTIGARLSFLLVGLVGVVSSVMCHVSASENEFWVLVVGRFVIGLFVGVIGVACPVYTDQNAHPKWKRTIGVMFQVFTTLGIFIAAAVGLALGQSTYFDRNKDQMVMARMQGLCAFSTLFSLLTILLGIVMSESRAKFGGDDEEGGIELDPNEYSYVEMVPRLLMGAVMAGTLQLTGINAVMNYAPAIMGSLGLAPLVGNFVVMLWNFVTTLASIPLSYVFTMRQLFLFGSLFTSSMCLFMCGIPVYPGVSKKTEVKNGVAITGILLFILGFEVCVGPCYFVLTQDMFPLSFRPRGASFTQVAQFIFNLIINVCYPIATEHISGGPSGNQDKGQAVAFIFFGCLGMICFIIQVFFLHPWDEKRDGKKRPATPAGGKRELSSSLSGNRAE
P22513,MPIKVGINGFGRIGRMVFQALCEDGLLGTEIDVVAVVDMNTDAEYFAYQMRYDTVHGKFKYEVTTTKSSPSVAKDDTLVVNGHRILCVKAQRNPADLPWGKLGVEYVIESTGLFTAKAAAEGHLRGGARKVVISAPASGGAKTLVMGVNHHEYNPSEHHVVSNASCTTNCLAPIVHVLVKEGFGVQTGLMTTIHSYTATQKTVDGVSVKDWRGGRAAAVNIIPSTTGAAKAVGMVIPSTQGKLTGMSFRVPTPDVSVVDLTFTAARDTSIQEIDAALKRASKTYMKGILGYTDEELVSADFINDNRSSIYDSKATLQNNLPKERRFFKIVSWYDNEWGYSHRVVDLVRHMASKDRSARL
Q389T8,MSKAFDLVVIGAGSGGLEAGWNAATLYGKRVAVVDVQTSHGPPFYAALGGTCVNVGCVPKKLMVTGAQYMDHLRESAGFGWEFDGSSVKANWKKLIAAKNEAVLDINKSYEGMFNDTEGLDFFLGWGSLESKNVVVVRETADPKSAVKERLQADHILLATGSWPQMPAIPGIEHCISSNEAFYLPEPPRRVLTVGGGFISVEFAGIFNAYKPPGGKVTLCYRNNLILRGFDETIREEVTKQLTANGIEIMTNENPAKVSLNTDGSKHVTFESGKTLDVDVVMMAIGRIPRTNDLQLGNVGVKLTPKGGVQVDEFSRTNVPNIYAIGDITDRLMLTPVAINEGAALVDTVFGNKPRKTDHTRVASAVFSIPPIGTCGLIEEVAAKEFEKVAVYMSSFTPLMHNISGSKYKKFVAKIVTNHSDGTVLGVHLLGDGAPEIIQAVGVCLRLNAKISDFYNTIGVHPTSAEELCSMRTPSYYYVKGEKMEKLPDSNL
Q7Z1V1,MFIEAIVLALTALILYSVYSVKSFNTTRPTDPPVYPVTVPFLGHIVQFGKNPLEFMQRCKRDLKSGVFTISIGGQRVTIVGDPHEHSRFFSPRNEILSPREVYTIMTPVFGEGVAYAAPYPRMREQLNFLAEELTIAKFQNFVPAIQHEVRKFMAENWKEDEGVINLLEDCGAMIINTACQCLFGEDLRKRLNARHFAQLLSKMESSLIPAAVFMPWLLRLPLPQSARCREARAELQKILGEIIVAREKEEASKDNNTSDLLGGLLKAVYRDGTRMSLHEVCGMIVAAMFAGQHTSTITTSWSMLHLMHPKNKKWLDKLHKEIDEFPAQLNYDNVMDEMPFAERCVRESIRRDPPLLMVMRMVKAEVKVGSYVVPKGDIIACSPLLSHHDEEAFPNPRLWDPERDEKVDGAFIGFGAGVHKCIGQKFALLQVKTILATAFREYDFQLLRDEVPDPDYHTMVVGPTLNQCLVKYTRKKKLPS
Q4Q5W4,MGFFSDSVAMMRVKWQMRSVKIQVPPEETDLRFCYDIMNDVSRSFAVVVAQLADQQLRDAICIFYLVLRALDTLEDDMSVPVDVKLKELPKFHTHTSDMSWCMSGVGEGRERELLAKYPCVSREFKKLKKEYQDVIANICERMANGMCEFLKRPVVTKDDYNQYCHYVAGLVGHGLTQLFARCGFEDPSLDDDLTSSNHMGLFLQKTNIIRDYYEDIREEPPRMFWPKEIWGTYVTELKELKSESNNAAAVQCLNAMVADALVHVPYIVDYLSALRDPSVFRFCAIPQVMAIATLKEVYNNPDTFQVKVKVSRPESCRIMLKATTLYSSLSMFRDYCVELQEKLDMQDASSVSIANSLAAAIERIDLQLKKCQDVSYTRSLLARYPGLGGQFLLTVMDTVAGFFGGRKEIAGHA
A4HSF7,MSRAYDLVVLGAGSGGLEAGWNAAVTHKKKVAVVDVQATHGPPLFAALGGTCVNVGCVPKKLMVTGAQYMDLIRESGGFGWEMDRESLCPNWKTLIAAKNKVVNSINESYKSMFADTEGLSFHMGFGALQDAHTVVVRKSEDPHSDVLETLDTEYILIATGSWPTRLGVPGDEFCITSNEAFYLEDAPKRMLCVGGGYIAVEFAGIFNGYKPCGGYVDLCYRGDLILRGFDTEVRKSLTKQLGANGIRVRTNLNPTKITKNEDGSNHVHFNDGTEEDYDQVMLAIGRVPRSQALQLDKAGVRTGKNGAVQVDAYSKTSVDNIYAIGDVTNRVMLTPVAINEGAAFVETVFGGKPRATDHTKVACAVFSIPPIGTCGMTEEEAAKNYETVAVYASSFTPLMHNISGSKHKEFMIRIITNESNGEVLGVHMLGDSAPEIIQSVGICMKMGAKISDFHSTIGVHPTSAEELCSMRTPAYFYESGKRVEKLSSNL
Q9NAW4,MEYHMEYSPNEVIKQEREVFVGKEKSGSKFKRKRSIFIVLTVSICFMFALMLFYFTRNENNKTLFTNSLSNNINDDYIINSLLKSESGKKFIVSKLEELISSYDKEKKMRTTGAEENNMNMNGIDDKDNKSVSFVNKKNGNLKVNNNNQVSYSNLFDTKFLMDNLETVNLFYIFLKENNKKYETSEEMQKRFIIFSENYRKIELHNKKTNSLYKRGMNKFGDLSPEEFRSKYLNLKTHGPFKTLSPPVSYEANYEDVIKKYKPADAKLDRIAYDWRLHGGVTPVKDQALCGSCWAFSSVGSVESQYAIRKKALFLFSEQELVDCSVKNNGCYGGYITNAFDDMIDLGGLCSQDDYPYVSNLPETCNLKRCNERYTIKSYVSIPDDKFKEALRYLGPISISIAASDDFAFYRGGFYDGECGAAPNHAVILVGYGMKDIYNEDTGRMEKFYYYIIKNSWGSDWGEGGYINLETDENGYKKTCSIGTEAYVPLLE
O77078,MFLYFITYLCIFHNNIYSVELIKNNKYNFINNVHNIKYRTKIRAIYGKTGGKIIGHGHSYPSTEIYNDELKKYVDTNDEWIRTRTGIKKRRILKRDENISMLQIDSATQALETSCLKPSDIDMVINASSTPQNLFGDANNISNKIGCKNSVNMDLTAACTGFIFAFVTAYNFLNRYKNILIVGSDALSNFVDWRDRNTCVLFGDAAGAVVLQRTEEKEENKIFNYYLGSDSELNDLLTINFDHDKYNLDKPNVNKYGKLYMNGKEVFKYTISNIPKILKKAIQHSNINIEDINYFIFHQANIRIIETVAKNLNIPMSKVLVNLDEYANTSAASIPLCFSENIKNGKIKTNDIICMCGFGAGMSYGCVILKY
Q01782,MTAPTVPVALVTGAAKRLGRSIAEGLHAEGYAVCLHYHRSAAEANALSATLNARRPNSAITVQADLSNVATAPVSGADGSAPVTLFTRCAELVAACYTHWGRCDVLVNNASSFYPTPLLRNDEDGHEPCVGDREAMETATADLFGSNAIAPYFLIKAFAHRFAGTPAKHRGTNYSIINMVDAMTNQPLLGYTIYTMAKGALEGLTRSAALELAPLQIRVNGVGPGLSVLVDDMPPAVWEGHRSKVPLYQRDSSAAEVSDVVIFLCSSKAKYITGTCVKVDGGYSLTRA
Q9NBD4,MDYNMDYAPHEVISHQGERFVDKYVDRKILKNKKSLLVIISLSVLSVVGFILFYFTPNFRKSDLFKNSSVENNNDDYIINSLLKSPNGKKFIVSKIDEALSFYDSKKNDINKYNEGNNNNNADFKGLSLFKENTPSNNFIHNKDYFINFFDNKFLMNNAEHINQFYMFIKTNNKQYNSPNEMKERFQVFLQNAHKVNMHNNNKNSLYKKELNRFADLTYHEFKNKYLSLRSSKPLKNSKYLLDQMNYEEVIKKYRGEENFDHAAYDWRLHSGVTPVKDQKNCGSCWAFSSIGSVESQYAIRKNKLITLSEQELVDCSFKNYGCNGGLINNAFEDMIELGGICPDGDYPYVSDAPNLCNIDRCTEKYGIKNYLSVPDNKLKEALRFLGPISISVAVSDDFAFYKEGIFDGECGDELNHAVMLVGFGMKEIVNPLTKKGEKHYYYIIKNSWGQQWGERGFINIETDESGLMRKCGLGTDAFIPLIE
Q7KQK5,MRKLYCVLLLSAFEFTYMINFGRGQNYWEHPYQNSDVYRPINEHREHPKEYEYPLHQEHTYQQEDSGEDENTLQHAYPIDHEGAEPAPQEQNLFSSIEIVERSNYMGNPWTEYMAKYDIEEVHGSGIRVDLGEDAEVAGTQYRLPSGKCPVFGKGIIIENSNTTFLTPVATGNQYLKDGGFAFPPTEPLMSPMTLDEMRHFYKDNKYVKNLDELTLCSRHAGNMIPDNDKNSNYKYPAVYDDKDKKCHILYIAAQENNGPRYCNKDESKRNSMFCFRPAKDISFQNYTYLSKNVVDNWEKVCPRKNLQNAKFGLWVDGNCEDIPHVNEFPAIDLFECNKLVFELSASDQPKQYEQHLTDYEKIKEGFKNKNASMIKSAFLPTGAFKADRYKSHGKGYNWGNYNTETQKCEIFNVKPTCLINNSSYIATTALSHPIEVENNFPCSLYKDEIMKEIERESKRIKLNDNDDEGNKKIIAPRIFISDDKDSLKCPCDPEMVSNSTCRFFVCKCVERRAEVTSNNEVVVKEEYKDEYADIPEHKPTYDKMKIIIASSAAVAVLATILMVYLYKRKGNAEKYDKMDEPQDYGKSNSRNDEMLDPEASFWGEEKRASHTTPVLMEKPYY
Q4DA54,MSQSVENNALLAEIAQLKLLLAEKEALVANDDTGSVVKKPKKKSQKNMVETEPVQGCRDFPPEAMRCRRHLFDVFHATAKTFGFEEYDAPVLESEELYIRKAGEEITEQMFNFITKGGHRVALRPEMTPSLARLLLGKGRSLLLPAKWYSIPQCWRYEAITRGRRREHYQWNMDIVGVKSVSAEVELVCAACWAMRSLGLSSKDVGIKVNSRKVLQTVVEQAGVTSDKFAPVCVIVDKMEKIPREEVEAQLAVLGLEPTVVDAITTTLSLKSIDEIAQRVGEEHEAVKELRQFFEQVEAYGYGDWVLFDASVVRGLAYYTGIVFEGFDREGKFRALCGGGRYDNLLTTYGSPTPIPCAGFGFGDCVIVELLQEKRLLPDIPHVVDDVVIPFDESMRPHALAVLRRLRDAGRSADIILDKKKVVQAFNYADRVGAVRAVLVAPEEWERGEVQVKMLREGTGKEEGGAERGFAVPLDRLV
A4I591,MSSTASPNAALLAEINDLKVKLAEKEALLQPEGVVSKKSKKKSQANMIEKEPVQGCRDFPPEDMRVRRHLFGVFHDTARRFGFEEYDAPVLESEELYIRKAGEEITEQMFNFVTKGGHRVTLRPEMTPSLVRLQLAKGRSLLLPAKWYSIPQCWRYEAISRGRRREHYQWNMDIVGVKSVAAEVELVCAACAAMESLGLTAQDVGVKVNSRKLLQCALAGAGVPDSLFAPVCVIVDKMEKLPEEQIRAELKDLALDGQQADDIIKTLSLRSVDDFDKDLFDKNGALSELAEFFSQMQMYGYGDWIQFDASVVRGLAYYTGIVFEAFDRSGEFRAICGGGRYDNLFTLYGSPQPVSCVGFGFGDCVIVELLKKKKLINSLPHKVDDVVIPFNESQRGTALKVLKQLRDKGRSADIIMDSKKVAQTFSYADRIGADRAVLIAPDETEKGMARVKMLREGQRGEDDRGDPVPFEDL
Q26513,MACGHVKLIYFNGRGRAEPIRMILVAAGVEFEDERIEFQDWPKIKPTIPGGRLPIVKITDKRGDVKTMSESLAIARFIARKHNMMGDTDDEYYIIEKMIGQVEDVESEYHKTLMKPPEEKEKISKEILNGKVPILLQAICETLKESTGNLTVGDKVTLADVVLIASIDHITDLDKEFLTGKYPEIHKHRKHLLATSPKLAKYLSERHATAF
Q8T8E7,MCSLITQLCDAGQLADYVGLGWLNAVSSQPYLVQALGLQPPPRRVDVDAAFRDAEGLHGHQPWVATPLPGRTVRALFIGINYYGTSAALSGCCNDVKQMLATLQKKGLPINEAVILVDEDNFPGRTDQPTRDNIVRYMAWLVKDAKPGDVLFFHYSGHGTQCKSRGDSDEKYDQCIAPVDFQKSGCIVDDDIHKLLFSRLPEKVRLTAVFDCCHSGSIMDLPFTYVCSGGEQASGTPHMKRIREGNDVLGDVMMISGCADEQTSADVKNTATFGTGSTGAGGAATQCITCMLMNNQSLSYGKLLIETRDMLKRKGFKQVPQLSASKAIDLDQTFSLTEMFSVDRSVQ
Q582G3,MLSLTRILRKKIPVHELAGKISRPPLRPFSVVVASDEKGGIGDGGTIPWEIPEDMQYFRRVTTNLRGKNVKPSPSKRNAVVMGRKTWDSLPPKFRPLSNRLNVVLSRSATKEQLLAGIPDPIKRAEAANDVVAVNGGLEDALRMLVSKEHTSSIETVFCIGGGTIYKQALCAPCVNVLQAIHRTVVRPASNSCSVFFDIPAAGTKTLEGLELVRESITDERVSTGAGGKKYQFEKLVPRNSEEEQYLNLVGRIIDEGCTKCDRTGVGTRSLFGAQMRFSLRNNRLPLLTTKRVFWRGVCEELLWFLRGETNAKLLSDKGIHIWDGNGSRAFLDSRGLTDYDEMDLGPVYGFQWRHFGADYISCKEDSEGKGVDQIANIVKSLIENPDDRRMICTAWNPAALPRMALPPCHMMAQFYVSNGELSCMLYQRSCDMGLGVPFNIASYALLTFLMAKASGLRPGELVHTLGDAHVYSNHVEPCRKQLKRVPRPFPFIVFKQDKEFLEDFQESDIEVIDYSPYPVISMEMAV
P07382,MSRAAARFKIPMPETKADFAFPSLRAFSIVVALDMQHGIGDGESIPWRVPEDMTFFKNQTTLLRNKKPPTEKKRNAVVMGRKTWESVPVKFRPLKGRLNIVLSSKATVEELLAPLPEGQRAAAAQDVVVVNGGLAEALRLLARPLYCSSIETAYCVGGAQVYADAMLSPCIEKLQEVYLTRIYATAPACTRFFPFPPENAATAWDLASSQGRRKSEAEGLEFEICKYVPRNHEERQYLELIDRIMKTGIVKEDRTGVGTISLFGAQMRFSLRDNRLPLLTTKRVFWRGVCEELLWFLRGETSAQLLADKDIHIWDGNGSREFLDSRGLTENKEMDLGPVYGFQWRHFGADYKGFEANYDGEGVDQIKLIVETIKTNPNDRRLLVTAWNPCALQKMALPPCHLLAQFYVNTDTSELSCMLYQRSCDMGLGVPFNIASYALLTILIAKATGLRPGELVHTLGDAHVYRNHVDALKAQLERVPHAFPTLIFKEERQYLEDYELTDMEVIDYVPHPAIKMEMAV
Q962Y6,MPPADGTSQWLRKTVDSAAVILFSKTTCPYCKKVKDVLAEAKIKHATIELDQLSNGSAIQKCLASFSKIETVPQMFVRGKFIGDSQTVLKYYSNDELAGIVNESKYDYDLIVIGGGSGGLAAGKEAAKYGAKTAVLDYVEPTPIGTTWGLGGTCVNVGCIPKKLMHQAGLLSHALEDAEHFGWSLDRSKISHNWSTMVEGVQSHIGSLNWGYKVALRDNQVTYLNAKGRLISPHEVQITDKNQKVSTITGNKIILATGERPKYPEIPGAVEYGITSDDLFSLPYFPGKTLVIGASYVALECAGFLASLGGDVTVMVRSILLRGFDQQMAEKVGDYMENHGVKFAKLCVPDEIKQLKVVDTENNKPGLLLVKGHYTDGKKFEEEFETVIFAVGREPQLSKVLCETVGVKLDKNGRVVCTDDEQTTVSNVYAIGDINAGKPQLTPVAIQAGRYLARRLFAGATELTDYSNVATTVFTPLEYGACGLSEEDAIEKYGDKDIEVYHSNFKPLEWTVAHREDNVCYMKLVCRKSDNMRVLGLHVLGPNAGEITQGYAVAIKMGATKADFDRTIGIHPTCSETFTTLHVTKKSGVSPIVSGCXG
P86926,MQLQRLGAPLLKRLVGGCIRQSTAPIMPCVVVSGSGVFLTPVRTYMPLPNDQSDFSPYIEIDLPSESRIQSLHKSGLAAQEWVACEKVHGTNFGIYLINQGDHEVVRFAKRSGIMDPNENFFGYHILIDEFTAQIRILNDLLKQKYGLSRVGRLVLNGELFGAKYKHPLVPKSEKWCTLPNGKKFPIAGVQIQREPFPQYSPELHFFAFDIKYSVSGAEEDFVLLGYDEFVEFSSKVPNLLYARALVRGTLDECLAFDVENFMTPLPALLGLGNYPLEGNLAEGVVIRHVRRGDPAVEKHNVSTIIKLRCSSFMELKHPGKQKELKETFIDTVRSGALRRVRGNVTVISDSMLPQVEAAANDLLLNNVSDGRLSNVLSKIGREPLLSGEVSQVDVVLMLAKDALKDFLKEVDSLVLNTTLAFRKLLITNVYFESKRLVEQKWKELMQEEAAAQSEAIPPLSPAAPTKGE
O97467,MTKSSKDICSENEGKKNGKSGFFSTSFKYVLSACIASFIFGYQVSVLNTIKNFIVVEFEWCKGEKDRLNCSNNTIQSSFLLASVFIGAVLGCGFSGYLVQFGRRLSLLIIYNFFFLVSILTSITHHFHTILFARLLSGFGIGLVTVSVPMYISEMTHKDKKGAYGVMHQLFITFGIFVAVMLGLAMGEGPKADSTEPLTSFAKLWWRLMFLFPSVISLIGILALVVFFKEETPYFLFEKGRIEESKNILKKIYETDNVDEPLNAIKEAVEQNESAKKNSLSLLSALKIPSYRYVIILGCLLSGLQQFTGINVLVSNSNELYKEFLDSHLITILSVVMTAVNFLMTFPAIYIVEKLGRKTLLLWGCVGVLVAYLPTAIANEINRNSNFVKILSIVATFVMIISFAVSYGPVLWIYLHEMFPSEIKDSAASLASLVNWVCAIIVVFPSDIIIKKSPSILFIVFSVMSILTFFFIFFFIKETKGGEIGTSPYITMEERQKHMTKSVV
Q27552,MSEKNVSIVVAASVLSSGIGINGQLPWSISEDLKFFSKITNNKCDSNKKNALIMGRKTWDSIGRRPLKNRIIVVISSSLPQDEADPNVVVFRNLEDSIENLMNDDSIENIFVCGGESIYRDALKDNFVDRIYLTRVALEDIEFDTYFPEIPETFLPVYMSQTFCTKNISYDFMIFEKQEKKTLQNCDPARGQLKSIDDTVDLLGEIFGIRKMGNRHKFPKEEIYNTPSIRFGREHYEFQYLDLLSRVLENGAYRENRTGISTYSIFGQMMRFDMRESFPLLTTKKVAIRSIFEELIWFIKGDTNGNHLIEKKVYIWSGNGSKEYLERIGLGHREENDLGPIYGFQWRHYNGEYKTMHDDYTGVGVDQLAKLIETLKNNPKDRRHILTAWNPSALSQMALPPCHVLSQYYVTNDNCLSCNLYQRSCDLGLGSPFNIASYAILTMMLAQVCGYEPGELAIFIGDAHIYENHLTQLKEQLSRTPRPFPQLKFKRKVENIEDFKWEDIELIGYYPYPTIKMDMAV
Q964Q8,MLKTGLCRRAAATTTITSTVPSNLLTEDGRPFAMVAREVRMMQQNMAGLVSNSNNAVLNHIAKYVFSVSGKMLRPTLVAMMAHALLPPHVSEQIRAESIGSIDDISSGAIRPFLRLGEITELLHTATLVHDDVMDNSNTRRGQPTVHCLYDTKRAVLAGDFLLARASIWIAALGHSRVVLLMSTALEDLAAGEMMQMDGCFDIESYEQKSYCKTASLIANSLASTAVLAGLPNTAYEEAAAKFGKHLGIAFQIVDDCLDITGDDKNLGKPKMADMAEGIATLPVLLAAREETRVYEAVRRRFKNPGDTEMCMEAVERHGCVAEALEHAGEHCRRGVEALHALHTSPARDCLEAAMGLILTRQV
Q9XYC7,MSNRKKVAYFHDPDIGSYYYGAGHPMKPQRIRMTHSLIVSYNLYKYMEVYRPHKSDVNELTLFHDYEYIDFLSSISLENYREFTYQLKRFNVGEATDCPVFDGLFQFQQSCAGASIDGASKLNHHCADICVNWSGGLHHAKMSEASGFCYINDIVLGILELLKYHARVMYIDIDVHHGDGVEEAFYVTHRVMTVSFHKFGDYFPGTGDITDVGVNHGKYYSVNVPLNDGMTDDAFVDLFKVVIDKCVQTYRPGAIIIQCGADSLTGDRLGRFNLTIKGHARCVEHVRSYNIPLLVLGGGGYTIRNVSRCWAYETGVVLNKHHEMPDQISLNDYYDYYAPDFQLHLQPSNIPNYNSPEHLSRIKMKIAENLRHIEHAPGVQFSYVPPDFFNSDIDDESDKNQYELKDDSGGGRAPGTRAKEHSTTHHLRRKNYDDDFFDLSDRDQSIVPY
Q26710,MFRNHASRITAAAAPWVLRTACRQKSDAKTPVWGHTQLNRLSFLETVPVVPLRVSDESSEDRPTWSLPDIENVAITHKKPNGLVDTLAYRSVRTCRWLFDTFSLYRFGSITESKVISRCLFLETVAGVPGMVGGMLRHLSSLRYMTRDKGWINTLLVEAENERMHLMTFIELRQPGLPLRVSIIITQAIMYLFLLVAYVISPRFVHRFVGYLEEEAVITYTGVMRAIDEGRLRPTKNDVPEVARVYWNLSKNATFRDLINVIRADEAEHRVVNHTFADMHEKRLQNSVNPFVVLKKNPEEMYSNQPSGKTRTDFGSEGAKTASNVNKHV
Q6DMN0,MDSSETHYVSFLNGEDDGLENGELHQRRGVRAGRPSPPFVVTTRTYFWKKFLRQRNFTARAWIALVAAAVSLLVFASFLIQWQGEDDRAVFPPSPVEDHQPPANIWEWKEAHFQDAFSSFQAMYAKSYATEEEKQRRYAIFKNNLVYIHTHNQQGYSYSLKMNHFGDLSRDEFRRKYLGFKKSRNLKSHHLGVATELLNVLPSELPAGVDWRSRGCVTPVKDQRDCGSCWAFSTTGALEGAHCAKTGKLVSLSEQELMDCSRAEGNQSCSGGEMNDAFQYVLDSGGICSEDAYPYLARDEECRAQSCEKVVKILGFKDVPRRSEAAMKAALAKSPVSIAIEADQMPFQFYHEGVFDASCGTDLDHGVLLVGYGTDKESKKDFWIMKNSWGTGWGRDGYMYMAMHKGEEGQCGLLLDASFPVM
D5FGE8,MSERQYFEHPRWHLLRRNNAAVGGTTSDVPTENLPSEQGTGVSDDKKNVPKRTLSSLMLVGIMYTYTTSGAYAIEETVMGGGPLLTLAVITLIPVLMAMPTALVVAELATAIPSNAGFLMWVSVSFHRVVYFSMVIQSLLLIFIDNALYPVLFSEYVCTTISCTTVANRGFRAGMLFVTYILNLTGVRAVGMVSVMLTVATIVPFVLMFSMHLFKNNFYLNWPAISFIPADIDLSTFISTASWNLCGLEQVATVTEDVKTPHRTIIRALVPLLGLCYLTYIPPILTGSSSKKGPPDISEWKTGYWSYVAYSVGGSPLQVLLIMGSFFSAFGMMISSLCTTSQVIAGVAYTEVFPGPVNRILYQRNKRFGTYHWTLTINALITGLFSVFLDFGPLVKSDQVLYGIRVVVIFLSFLIIRHRYPHLSRPFRLPLEGYKLGVMIFPLLLFMALTVVAMMEDMQTVTVNLSIIGGTLVLSFIYCFFIRKGEFFGRVVTETVEEREGD
Q9TVW2,MAVDSSNSATGPMRVFAIGNPILDLVAEVPSSFLDEFFLKRGDATLATPEQMRIYSTLDQFNPTSLPGGSALNSVRVVQKLLRKPGSAGYMGAIGDDPRGQVLKELCDKEGLATRFMVAPGQSTGVCAVLINEKERTLCTHLGACGSFRLPEDWTTFASGALIFYATAYTLTATPKNALEVAGYAHGIPNAIFTLNLSAPFCVELYKDAMQSLLLHTNILFGNEEEFAHLAKVHNLVAAEKTALSTANKEHAVEVCTGALRLLTAGQNTGATKLVVMTRGHNPVIAAEQTADGTVVVHEVGVPVVAAEKIVDTNGAGDAFVGGFLYALSQGKTVKQCIMCGNACAQDVIQHVGFSLSFTSLPC
Q8WS26,MTAFACFPHSLFYSTRLPFFFFFFCVCVHCCLRYLCLLKCAYCCSDKNYFRPLNYFFYCLYLAMASMERFLSVYDEVQAFLLDQLQSKYEIDPNRARYLRIMMDTTCLGGKYFRGMTVVNVAEGFLAVTQHDEATKERILHDACVGGWMIEFLQAHYLVEDDIMDGSVMRRGKPCWYRFPGVTTQCAINDGIILKSWTQIMAWHYFADRPFLKDLLCLFQKVDYATAVGQMYDVTSMCDSNKLDPEVAQPMTTDFAEFTPAIYKRIVKYKTTFYTYLLPLVMGLLVSEAAASVEMNLVERVAHLIGEYFQVQDDVMDCFTPPEQLGKVGTDIEDAKCSWLAVTFLGKANAAQVAEFKANYGEKDPAKVAVVKRLYSKANLQADFAAYEAEVVREVESLIEQLKVKSPTFAESVAVVWEKTHKRKK
Q4DCQ3,MLRRAVNISIARGRMALMSYATLPDLLKPSGAPAELPKLGFNWKDGCAPVFSPRQMELHYTKHHKAYVDKLNALAGTTYDGKSIEEIILAVANDAEKKGLFNQAAQHFNHTFYFRCITPNGKAMPKSLESAVTAQFGSVEQFKDAFVQAGVNNFGSGWTWLCVDPSNKNQLVIDNTSNAGCPLTKGLRPVLAVDVWEHAYYKDFENRRPDYLKEIWSVIDWEFVAKMHAQAIK
Q581W1,MYCTEYKFPCFRHTHTIKLVLLHLRECNGVHPPQFYRRMYEWVGSVVIFSPTIIFAPIHDPYLEGGEKWRINNIVQGASISVAVKKKRKSPTYPLFRVKGVMEAPAAVVTGAAKRIGRAIAVKLHQTGYRVVIHYHNSAEAAVSLADELNKERSNTAVVCQADLTNSNVLPASCEEIINSCFRAFGRCDVLVNNASAFYPTPLVQGDHEDNSNGKTVETQVAELIGTNAIAPFLLTMSFAQRQKGTNPNCTSSNLSIVNLCDAMVDQPCMAFSLYNMGKHALVGLTQSAALELAPYGIRVNGVAPGVSLLPVAMGEEEKDKWRRKVPLGRREASAEQIADAVIFLVSGSAQYITGSIIKVDGGLSLVHA
Q8IKG4,MKKYIYIYFFFITITINDLVINNTSKCVSIERRKNNAYINYGIGYNGPDNKITKSRRCKRIKLCKKDLIDIGAIKKPINVAIFGSTGSIGTNALNIIRECNKIENVFNVKALYVNKSVNELYEQAREFLPEYLCIHDKSVYEELKELVKNIKDYKPIILCGDEGMKEICSSNSIDKIVIGIDSFQGLYSTMYAIMNNKIVALANKESIVSAGFFLKKLLNIHKNAKIIPVDSEHSAIFQCLDNNKVLKTKCLQDNFSKINNINKIFLCSSGGPFQNLTMDELKNVTSENALKHPKWKMGKKITIDSATMMNKGLEVIETHFLFDVDYNDIEVIVHKECIIHSCVEFIDKSVISQMYYPDMQIPILYSLTWPDRIKTNLKPLDLAQVSTLTFHKPSLEHFPCIKLAYQAGIKGNFYPTVLNASNEIANNLFLNNKIKYFDISSIISQVLESFNSQKVSENSEDLMKQILQIHSWAKDKATDIYNKHNSS
A0A6L0XH39,MTASPRAPHQEHVLGEPTLEGLAHYIREKNVRRILVLVGAGASVAAGIPDFRSPDTGIYANLGKYNLEDPTDAFSLTLLREKPEIFYSIARELNLWPGHFQPTAVHHFIRLLQDEGRLLRCCTQNIDGLEKAAGVSPELLVEAHGSFAAAACIECHTPFSIEQNYLEAMSGTVSRCSTCGGIVKPNVVFFGENLPDAFFDALHHDAPIAELVIIIGTSMQVHPFALLPCVVPKSVPRVVMNRERVGGLLFRFPDDPLNTVHEDAVAKEGRSSSSQSRSPSASPRREEGGTEDSPSSPNEEVEEASTSSSSDGYGQYGDYHAHPDVCRDVLFRGDCQENVVTLAEYLGLSEALAKRMRLSDAAPATAQRAPNET
P52270,MASKPQPIAAANWKCNGSESLLVPLIETLNAATFDHDVQCVVAPTFLHIPMTKARLTNPKFQIAAQNAITRSGAFTGEVSLQILKDYGISWVVLGHSERRLYYGETNEIVAEKVAQACAAGFHVIVCVGETNEEREAGRTAAVVLTQLAAVAQKLSKEAWSRVVIAYEPVWAIGTGKVATPQQAQEVHELLRRWVRSKLGTDIAAQLRILYGGSVTAKNARTLYQMRDINGFLVGGASLKPEFVEIIEATK
Q4Q5S8,MSRNPSNSDAAHAFWSTQPVPQTEDETEKIVFAGPMDEPKTVADIPEEPYPIASTFEWWTPNMEAADDIHAIYELLRDNYVEDDDSMFRFNYSEEFLQWALCPPNYIPDWHVAVRRKADKKLLAFIAGVPVTLRMGTPKYMKVKAQEKGEGEEAAKYDEPRHICEINFLCVHKQLREKRLAPILIKEATRRVNRTNVWQAVYTAGVLLPTPYASGQYFHRSLNPEKLVEIRFSGIPAQYQKFQNPMAMLKRNYQLPSAPKNSGLREMKPSDVPQVRRILMNYLDSFDVGPVFSDAEISHYLLPRDGVVFTYVVENDKKVTDFFSFYRIPSTVIGNSNYNLLNAAYVHYYAATSIPLHQLILDLLIVAHSRGFDVCNMVEILDNRSFVEQLKFGAGDGHLRYYFYNWAYPKIKPSQVALVML
O96394,MEHVQQYKFYKEKKMSIVLAPFSGGQPHSGVELGPDYLLKQGLQQDMEKLGWDTRLERVFDGKVVEARKASDNGDRIGRVKRPRLTAECTEKIYKCVRRVAEQGRFPLTIGGDHSIALGTVAGVLSVHPDAGVIWVDAHADINTMSGTVSGNLHGCPLSILLGLDRENIPECFSWVPQVLKPNKIAYIGLRAVDDEEKKILHDLNIAAFSMHHVDRYGIDKVVSMAIEAVSPKGTEPVMVSYDVDTIDPLYVPATGTPVRGGLSFREALFLCERIAECGRLVALDVVECNPLLAATESHVNDTISDGRAIARCMMGETLLYTPHTSSKL
Q26964,MGKTVVGASRMFWLMFFVPLLLALCPSEPAHALAPGSSRVELFKRQSSKVPFEKGGKVTERVVHSFRLPALVNVDGVMVAIADARYETSNDNSLIDTVAKYSVDDGETWETQIAIKNSRASSVSRVVDPTVIVKGNKLYVLVGSYNSSRSYWTSHGDARDWDILLAVGEVTKSTAGGKITASIKWGSPVSLKEFFPAEMEGMHTNQFLGGAGVAIVASNGNLVYPVQVTNKKKQVFSKIFYSEDEGKTWKFGEGRSDFGCSEPVALEWEGKLIINTRVDYRRRLVYESSDMGNSWVEAVGTLSRVWGPSPKSNQPGSQSSFTAVTIEGMRVMLFTHPLNFKGRWLRDRLNLWLTDNQRIYNVGQVSIGDENSAYSSVLYKDDKLYCLHEINSNEVYSLVFARLVGELRIIKSVLQSWKNWDSHLSSICTPADPAASSSERGCGPAVTTVGLVGFLSHSATKTEWEDAYRCVNASTANAERVPNGLKFAGVGGGALWPVSQQGQNQRYHFANHAFTLVASVTIHEVPSVASPLLGASLDSSGGKKLLGLSYDEKHQWQPIYGSTPVTPTGSWEMGKRYHVVLTMANKIGSVYIDGEPLEGSGQTVVPDGRTPDISHFYVGGYGRSDMPTISHVTVNNVLLYNRQLNAEEIRTLFLSQDLIGTEAHMGSSSGSSAHSTPSTPADNGAHSTPSTPADSSAHSTPSTPADSSAHSTPSAPGDNGAHSTPSTPGDSSAHSTPSTPADNGAHSTPSAPADSNAHSTPSTPADNGAHSTPSTPADNGAHSTPSTPGDNGAHSTPSTPGDSSAHSTPSTPADNGAHSTPSAPADSNAHSTPSTPGDNGAHSTPSAPADSNAHSTPSTPADSSAHSTPSAPGDNGAHSTPSAPADSSAHSTPSAPGDNGAHSTPSAPADNGAHSTPSAPGDSNAHSTPSTPADSSAHSTPSTPADSSAHSTPSAPGDNGAHSTPSAPADSSAHSTPSIPGDSSAHSTPSAPADSSAHSTPSAPGDNGAHSTPSTPADNGANGTVLILHDGAAFSAFSGGGLLLCAGALLLHVFVMAVFF
O15648,MAVESRSRVTSKLVKAHRAMLNSVTQEDLKVDRLPGADYPNPSKKYSSRTEFRDKTDYIMYNPRPRDEPSSENPVSVSPLLCELAAARSRIHFNPTETTIGIVTCGGICPGLNDVIRSITLTGINVYNVKRVIGFRFGYWGLSKKGSQTAIELHRGRVTNIHHYGGTILGSSRGPQDPKEMVDTLERLGVNILFTVGGDGTQRGALVISQEAKRRGVDISVFGVPKTIDNDLSFSHRTFGFQTAVEKAVQAIRAAYAEAVSANYGVGVVKLMGRDSGFIAAQAAVASAQANICLVPENPISEQEVMSLLERRFCHSRSCVIIVAEGFGQDWGRGSGGYDASGNKKLIDIGVILTEKVKAFLKANKSRYPDSTVKYIDPSYMIRACPPSANDALFCATLATLAVHEAMAGATGCIIAMRHNNYILVPIKVATSVRRVLDLRGQLWRQVREITVDLGSDVRLARKLEIRRELEAINRNRDRLHEELAKL
W7JX98,MEEDDNLKKGNERNKKKAIFSNDDFTGEDSLMEDHLELREKLSEDIDMIKTSLKNNLVCSTLNDNEILTLSNYMQFFVFKSGNLVIKQGEKGSYFFIINSGKFDVYVNDKKVKTMGKGSSFGEAALIHNTQRSATIIAETDGTLWGVQRSTFRATLKQLSNRNFNENRTFIDSVSVFDMLTEAQKNMITNACVIQNFKSGETIVKQGDYGDVLYILKEGKATVYINDEEIRVLEKGSYFGERALLYDEPRSATIIAKEPTACASICRKLLNIVLGNLQVVLFRNIMTEALQQSEIFKQFSGDQLNDLADTAIVRDYPANYNILHKDKVKSVKYIIVLEGKVELFLDDTSIGILSRGMSFGDQYVLNQKQPFKHTIKSLEVCKIALITETCLADCLGNNNIDASIDYNNKKSIIKKMYIFRYLTDKQCNLLIEAFRTTRYEEGDYIIQEGEVGSRFYIIKNGEVEIVKNKKRLRTLGKNDYFGERALLYDEPRTASVISKVNNVECWFVDKSVFLQIIQGPMLAHLEERIKMQDTKVEMDELETERIIGRGTFGTVKLVHHKPTKIRYALKCVSKRSIINLNQQNNIKLEREITAENDHPFIIRLVRTFKDSKYFYFLTELVTGGELYDAIRKLGLLSKSQAQFYLGSIILAIEYLHERNIVYRDLKPENILLDKQGYVKLIDFGCAKKVQGRAYTLVGTPHYMAPEVILGKGYGCTVDIWALGICLYEFICGPLPFGNDEEDQLEIFRDILTGQLTFPDYVTDTDSINLMKRLLCRLPQGRIGCSINGFKDIKDHPFFSNFNWDKLAGRLLDPPLVSKSETYAEDIDIKQIEEEDAEDDEEPLNDEDNWDIDF
O77239,MNRIDISNFDFLYVIGKGTYGIVYKALDKKENNFVAIKKIINLCDENYGISKCILRELTILQKIKHKNIINLKYVFYGKDIEDKLKGENLENSCLYLAFEYCDIDLFNLIKKHNLNIKEIKYIIFELLLALSYFHSNNYIHRDIKPENIFITSEGEIKLGDLGMSVEKSDHMTPTVVTLWYRAPEILLKSTNYDQKVDIWSLGCLFMELIQGRPLFPGKNDCTQLELIYLLLGDKDKLTTVDKERKDMFPYFEINMLKDAIDDEHTLDLISKMLIYDPNYRISSKEALKHPCFQDIEQVKFSYNF
P06582,MSLYHYFRPAQRSVFGDLMRDMALMERQFAPVCRISPSESSEIVNNDQKFAINLNVSQFKPEDLKINLDGRTLSIQGEQELKTDHGYSKKSFSRVILLPEDVDVGAVASNLSEDGKLSIEAPKKEAVQGRSIPIQQAIVEEKSAE
Q94661,MRKLYCVLLLSAFEFTYMINFGRGQNYWEHPYQNSDVYRPINEHREHPKEYEYPLHQEHTYQQEDSGEDENTLQHAYPIDHEGAEPAPQEQNLFSSIEIVERSNYMGNPWTEYMAKYDIEEVHGSGIRVDLGEDAEVAGTQYRLPSGKCPVFGKGIIIENSNTTFLTPVATGNQYLKDGGFAFPPTEPLMSPMTLDEMRHFYKDNKYVKNLDELTLCSRHAGNMIPDNDKNSNYKYPAVYDDKDKKCHILYIAAQENNGPRYCNKDESKRNSMFCFRPAKDISFQNYTYLSKNVVDNWEKVCPRKNLQNAKFGLWVDGNCEDIPHVNEFPAIDLFECNKLVFELSASDQPKQYEQHLTDYEKIKEGFKNKNASMIKSAFLPTGAFKADRYKSHGKGYNWGNYNTETQKCEIFNVKPTCLINNSSYIATTALSHPIEVENNFPCSLYKDEIMKEIERESKRIKLNDNDDEGNKKIIAPRIFISDDKDSLKCPCDPEMVSNSTCRFFVCKCVERRAEVTSNNEVVVKEEYKDEYADIPEHKPTYDKMKIIIASSAAVAVLATILMVYLYKRKGNAEKYDKMDEPQDYGKSNSRNDEMLDPEASFWGEEKRASHTTPVLMEKPYY
Q0PJ46,MAPKAKIVLVGSGMIGGVMATLIVQKNLGDVVLFDIVKNMPHGKALDTSHTNVMAYSNCKVSGSNTYDDLAGADVVIVTAGFTKAPGKSDKEWNRDDLLPLNNKIMIEIGGHIKKNCPNAFIIVVTNPVDVMVQLSHQHSGVPKNKIIGLGGVLDTSRLKYYISQKLNVCPRDVNAHIVGAHGNKMVPLKRYITVGGIPLQEFINNKLISDAELEAIFDRTVNTALEIVNLHASPYVAPAAAIIEMAESYLKDLKKVLICSTLLEGQYGHSDIFGGTPVVLGANGVEQVIELQLNSEEKAKFDEAIAETKRMKALA
O96673,SIETRPRRNDDFRVIPSTGEMLTEDPLSTSNRLQTDMRMWKLMKTCPVPRSVPKLDMKKGTTTLGFHFDGGIILAVDSRASSGQYISSQTVMKVLEINEYLLGTMAGGAADCQYWERVLGMECRLWELRNNCRISVAAASKILANITYSYRNYGLSMGTMVAGWDQFGPSLYYVDDKGTRVKHELFSVGSGSIYAYGVLDQGYRKNLTVEEACELARRSIFHATYRDGASGGIVTVYHVHQGGWTQISRDDQTKLYDRYVL
F1KRD8,MLAVAPRMLVTYSLLLLSGMIEGAHSKEPIGGTLNGSRRRSEGEHLQYPAADEPVIVVGGGLAGLSAALEAVHEGASVILIEAEKNVGGNSAKASSGMAACNTEAQRVHHINDSTDRFYSDTMTAGDRENDPILVDQLVHQSADAFSFLVSHGADLSDVVLAGGHSVKRVHRNTPVKEGRAVNVGYAIISAVRDQLNRHAEQDPDKVKIMLGTEVIGLVTWNDFVTGVRVRKGDSRIEEISGKAVVLATGGFSNDRNVQGSLLAEFAPEKLKFPTTNGPWASGRGVKMARAMGAALVGMSDVQVHPTAFVDPKDPNATTKFLAAEALRGKGAILLNEKGERFGNELGRRDYLTDRILTSCAEDSQAGGAHTALMLMTDQSADDFGRASFGFYANVKGFFKKFNNVAELANYMNVDEAKLRKTLTDYNKYVTSTEENKKDEFGKVFFPASFNPDAVIYAAKITPAIHYTMGGLKIDKQAFVFNEFAQKPFRGLLAAGEVTGGVHGRNRLAGNSLLECVVYGRIAGKNAARIKYTDADAAIGRSDL
P13110,MSKAFDLVIIGAGSGGLEAGWNAATLYKKRVAVVDVQTVHGPPFFAALGGTCVNVGCVPKKLMVTGAQYMDQLRESAGFGWEFDASTIKANWKTLIAAKNAAVLDINKSYEDMFKDTEGLEFFLGWGALEQKNVVTVREGADPKSKVKERLQAEHIIIATGSWPQMLKIPGIEHCISSNEAFYLEEPPRRVLTVGGGFISVEFAGIFNAYKPVGGKVTLCYRNNPILRGFDYTLRQELTKQLVANGIDIMTNENPSKIELNPDGSKHVTFESGKTLDVDVVMMAIGRLPRTGYLQLQTVGVNLTDKGAIQVDEFSRTNVPNIYAIGDVTGRIMLTPVAINEGASVVDTIFGSKPRKTDHTRVASAVFSIPPIGTCGLTEEEAAKSFEKVAVYLSCFTPLMHNISGSKYKKFVAKIITDHGDGTVVGVHLLGDSSPEIIQAVGICMKLNAKISDFYNTIGVHPTSAEELCSMRTPSHYYIKGEKMETLPDSSL
Q08210,MISKLKPQFMFLPKKHILSYCRKDVLNLFEQKFYYTSKRKESNNMKNESLLRLINYNRYYNKIDSNNYYNGGKILSNDRQYIYSPLCEYKKKINDISSYVSVPFKINIRNLGTSNFVNNKKDVLDNDYIYENIKKEKSKHKKIIFLLFVSLFGLYGFFESYNPEFFLYDIFLKFCLKYIDGEICHDLFLLLGKYNILPYDTSNDSIYACTNIKHLDFINPFGVAAGFDKNGVCIDSILKLGFSFIEIGTITPRGQTGNAKPRIFRDVESRSIINSCGFNNMGCDKVTENLILFRKRQEEDKLLSKHIVGVSIGKNKDTVNIVDDLKYCINKIGRYADYIAINVSSPNTPGLRDNQEAGKLKNIILSVKEEIDNLEKNNIMNDESTYNEDNKIVEKKNNFNKNNSHMMKDAKDNFLWFNTTKKKPLVFVKLAPDLNQEQKKEIADVLLETNIDGMIISNTTTQINDIKSFENKKGGVSGAKLKDISTKFICEMYNYTNKQIPIIASGGIFSGLDALEKIEAGASVCQLYSCLVFNGMKSAVQIKRELNHLLYQRGYYNLKEAIGRKHSKS
Q8IKU0,MDYENFVKSAEEINNLHNVNYLETKDLNDFNWKAAYYICKEIYDKQQINKDGYVVIGLSGGRTPIDVYKNMCLIKDIKIDKSKLIFFIIDERYKSDDHKFSNYNNIKFLFHNLNINEKEQLYKPDTTKSIVDCILDYNDKIKIMIEKYKKVDIAILGMGSDFHIASLFPNIFYNIYMNNYQNNYIYNEKTLDFINNDQDNDNLKYLKEYVYFTTTNQFDVRKRITVSLNLLANASSKIFLLNSKDKLDLWKNMLIKSYIEVNYNLYPATYLIDTSCTNENVNINNNNNNNNKNKNNYCYSNTTVISCGYENYTKSIEEIYDSKYALSLYSNSLNKEELLTIIIFGCSGDLAKKKIYPALFKLFCNNSLPKDLLIIGFARTVQDFDTFFDKIVIYLKRCLLCYEDWSISKKKDLLNGFKNRCRYFVGNYSSSESFENFNKYLTTIEEEEAKKKYYATCYKMNGSDYNISNNVAEDNISIDDENKTNEYFQMCTPKNCPDNVFSSNYNFPYVINRMLYLALPPHIFVSTLKNYKKNCLNSKGTDKILLEKPFGNDLDSFKMLSKQILENFNEQQIYRIDHYLGKDMVSGLLKLKFTNTFLLSLMNRHFIKCIKITLKETKGVYGRGQYFDPYGIIRDVMQNHMLQLLTLITMEDPIDLNDESVKNEKIKILKSIPSIKLEDTIIGQYEKAENFKEDENNDDESKKNHSYHDDPHIDKNSITPTFCTCILYINSINWYGVPIIFKSGKGLNKDICEIRIQFHNIMGSSDENMNNNEFVIILQPVEAIYLKMMIKKTGCEEMEEVQLNLTVNEKNKKINVPEAYETLLLECFKGHKKKFISDEELYESWRIFTPLLKELQEKQVKPLKYSFGSSGPKEVFGLVKKYYNYGKNYTHRPEFVRKSSFYEDDLLDIN
Q9U638,MFNNDPLQKYDKELFDLLEKEKNRQIETINLIASENLTNTAVRECLGDRISNKYSEGYPHKRYYGGNDYVDKIEELCYKRALEAFNVSEEEWGVNVQPLSGSAANVQALYALVGVKGKIMGMHLCSGGHLTHGFFDEKKKVSITSDLFESKLYKCNSEGYVDMESVRNLALSFQPKVIICGYTSYPRDIDYKGFREICDEVNAYLFADISHISSFVACNLLNNPFTYADVVTTTTHKILRGPRSALIFFNKKRNPGIDQKINSSVFPSFQGGPHNNKIAAVACQLKEVNTPFFKEYTKQVLLNSKALAECLLKRNLDLVTNGTDNHLIVVDLRKYNITGSKLQETCNAINIALNKNTIPSDVDCVSPSGIRIGTPALTTRGCKEKDMEFIADMLLKAILLTDELQQKYGKKLVDFKKGLVNNPKIDELKKEVVQWAKNLPFA
Q9N623,MKFASKKNNQKNSSKNDERYRELDNLVQEGNGSRLGGGSCLGKCAHVFKLIFKEIKDNIFIYILSIIYLSVCVMNKIFAKRTLNKIGNYSFVTSETHNFICMIMFFIVYSLFGNKKGNSKERHRSFNLQFFAISMLDACSVILAFIGLTRTTGNIQSFVLQLSIPINMFFCFLILRYRYHLYNYLGAVIIVVTIALVEMKLSFETQEENSIIFNLVLISALIPVCFSNMTREIVFKKYKIDILRLNAMVSFFQLFTSCLILPVYTLPFLKQLHLPYNEIWTNIKNGFACLFLGRNTVVENCGLGMAKLCDDCDGAWKTFALFSFFNICDNLITSYIIDKFSTMTYTIVSCIQGPAIAIAYYFKFLAGDVVREPRLLDFVTLFGYLFGSIIYRVGNIILERKKMRNEENEDSEGELTNVDSIITQ
Q8IDJ8,MTSKSFLLSFLKYKHVNTYIFEKSFSKILKNTKKHIDCHLKSCFVTMNEKKEHVLEGEKNKRVVNASKDKKKEEEGEVDPRLYFENRSKFIQDQKDKGINPYPHKFERTISIPEFIEKYKDLGNGEHLEDTILNITGRIMRVSASGQKLRFFDLVGDGEKIQVLANYSFHNHEKGNFAECYDKIRRGDIVGIVGFPGKSKKGELSIFPKETILLSACLHMLPMKYGLKDTEIRYRQRYLDLLINESSRHTFVTRTKIINFLRNFLNERGFFEVETPMMNLIAGGANARPFITHHNDLDLDLYLRIATELPLKMLIVGGIDKVYEIGKVFRNEGIDNTHNPEFTSCEFYWAYADYNDLIKWSEDFFSQLVYHLFGTYKISYNKDGPENQPIEIDFTPPYPKVSIVEEIEKVTNTILEQPFDSNETIEKMINIIKEHKIELPNPPTAAKLLDQLASHFIENKYNDKPFFIVEHPQIMSPLAKYHRTKPGLTERLEMFICGKEVLNAYTELNDPFKQKECFKLQQKDREKGDTEAAQLDSAFCTSLEYGLPPTGGLGLGIDRITMFLTNKNSIKDVILFPTMRPAN
Q9Y006,MNLTIKEEDFTNTFMKNEESFNTFRVTKVKRWNAKRLFKILFVTVFIVLAGGFSYYIFENFVFQKNRKINHIIKTSKYSTVGFNIENSYDRLMKTIKEHKLKNYIKESVKLFNKGLTKKSYLGSEFDNVELKDLANVLSFGEAKLGDNGQKFNFLFHTASSNVWVPSIKCTSESCESKNHYDSSKSKTYEKDDTPVKLTSKAGTISGIFSKDLVTIGKLSVPYKFIEMTEIVGFEPFYSESDVDGVFGLGWKDLSIGSIDPYIVELKTQNKIEQAVYSIYLPPENKNKGYLTIGGIEERFFDGPLNYEKLNHDLMWQVDLDVHFGNVSSKKANVILDSATSVITVPTEFFNQFVESASVFKVPFLSLYVTTCGNTKLPTLEYRSPNKVYTLEPKQYLEPLENIFSALCMLNIVPIDLEKNTFVLGDPFMRKYFTVYDYDNHTVGFALAKNL
Q95WR6,MATSRAALCAVAVVCVVLAAACAPARAIYVGTPAAALFEEFKRTYRRAYGTLAEEQQRLANFERNLELMREHQARNPHARFGITKFFDLSEAEFAARYLNGAAYFAAAKQHAGQHYRKARADLSAVPDAVDWREKGAVTPVKNQGACGSCWAFSAVGNIESQWARAGHGLVSLSEQQLVSCDDKDNGCNGGLMLQAFEWLLRHMYGIVFTEKSYPYTSGNGDVAECLNSSKLVPGARIDGYVMIPSNETVMAAWLAENGPIAIGVDASSFMSYQSGVLTSCAGDALNHGVLLVGYNTTGGVPYCVIKNSWGEDWGEKGYVRVAMGLNACLLSEYPVSAHVPQSLTPALTASGNFCEACWTVMLHRILSVLKTNGWLLGRRPSARWREDGARGGQ
Q6VVP7,MTKIALIGSGQIGAIVGELCLLENLGDLILYDVVPGIPQGKALDLKHFSTILGVNRNILGTNQIEDIKDADIIVITAGVQRKEGMTREDLIGVNGKIMKSVAESVKLHCSKAFVICVSNPLDIMVNVFHKFSNLPHEKICGMAGILDTSRYCSLIADKLKVSAEDVNAVILGGHGDLMVPLQRYTSVNGVPLSEFVKKNMISQNEIQEIIQKTRNMGAEIIKLAKASAAFAPAAAITKMIKSYLYNENNLFTCAVYLNGHYNCSNLFVGSTAKINNKGAHPVEFPLTKEEQDLYTESIASVQSNTQKAFDLIK
E9BSI1,MEAESKVLIDQKYLDKQSRTIGTYGLETMAKLIAFKVIIVGCGGVGIEIAKNLALAGIHTIRFYDPRKPTAQDMGVNFAVTPQSMASGKTMAELSAAYISELNPNTRVRVLAELTTATVSDNVALIFTAAAPDLSLTTLSEWNAFCHNHTPAISFVLALQTGTMGSVFADHGPSFVVKDADGRPMLQKLITEVVTLRDKTGEMYTRIRYETPEGQTPGALRDYTQIKLSEVQGLLKPDGTSVNGQVYDGVVCPSDPRDTVRVYPAFETQGYSPYETGGFLHELKEVRVLSFRPLSEALAAPGAFVPVSPMMDNSEESVTHVTLHALLRYADAHSGKLPELHNAAQAAEVVELAKKVLEENKAMPAPPEQRTTGKPGNAEFPYKVPPPPPPAPLVLENLDEKAVMAEALLARAELQPLASFFGAVVAQEIVKITGKYSPIHQWFHLSCAAVRPERADHSSEEFRPMNSRYDHIISIFGKGFQQLLQNLRLFMVGCGALGCENVKNFALCGITCGTGGSLVVTDNDRIEVSNLSRQFLFREENVGQPKSAAAAARMRQMNPDANVDARQDFIGTTTEHLYPDTFWQSLNVVVNALDNIEARLYVDQQCVRFQKVLVEAGTMGTGGNVDIIVPGRTSSYADGGAADQTGGIPMCTLRNFPYIYDHCIEWARAQFDDMFVSPMQTAQQIIEDPAAFTQRIHHEVSSGSSAGERRSLIDKNVGPLKLLKRTLTILADGPTMDRCVALGWEQLFKMFRDRILDLQAAFPRGAKKKNGEDFWSGHRKYPTALQVTAADITTNPDAKNFLVAAINLYACMFGVHPPKHEARFNDEKNRWMQEYRTDAWIQAEVSKLSTPAYVAGFVDNLDDDLAANAQEGKQVTMEESEAELQGLLADVAALATKCKGSRAAALEFEKDDDDNFQIDFVAAASNLRAENYGIPTQDRMKVKLVAGKIIPAIATTTSAVTGLGLIELFKVLQNKDVSVLRNGMLDVGTNNYVLFERDLPIKNFTKVVATYIPEQDYTYKKKVIRVPEGFTKYDMIRIPVTPATTVKAFAAALEAVLNKTLPDGVDQAYEVDGLGVGKGMLWNGRSSHANTNASLMKVIEQQKASEAGGTLPAPFWQNRFQFCDVSATVSIDDGDDTVDEVDVETATVCLEIQQ
Q4DSP6,MTAQKPTEMTTEERYALVRSVGEECIQEEELLNLITKKPNIRCYDGFEPSGRMHIAQGVFKAVNVNKCTQSGCEFVFWVADWFALMNDKMCGELEKIRIVGQYLIEVWKAAGMNMEKVIFLWSSDEITRNANSYWKTVLDIGRRNTIARIKKCCTIMGKQEGTLTAAQILYPLMQCADIFFLKADICQLGLDQRKVNMLAREYCDLIGRKLKPVILSHHMLSGLKEGQPKMSKSDPDSAIFMEDTREDVERKIRHAYCPRLRQKKAEVPEDGAPVSSEEKNPVLDYFQHVIYSRPAASTTINGTLYKTYEELEEAFVDGTITEELLKDALALELNALLEPVRHHFACDPHAAGLLEKVKSFRKGGQTPPLTDIGPFEQSETPLAVVWLPTVIKLSVNVAVAISDAVKAFLEQHSDGEVVLLLPEWTAFSCGEVTGEEKNISAALELNLALLQATYLRKEWVRVVRQSQLILDNPNDYWVAAINAGRRNMLQYLGDVCGEFKAAGDLVAALMYVADVAMLKATHIISAPHERGYHEVVKKFFDGRVTAIPAREGTVPPLHRPEALVAGADDVLFLDDTDMDTRRKIKKAYCAPNEAANPVLSIAAWLLRERGTLTVERAAENGGNVAYTSEARLRDDAQSGTLHPADLKAAVTKPLLEVCAVSKAVLSSAEGKKLSQTLRQAEKTLSKRSK
Q76NL8,MNLTKLMKVIGYINIITNCVQSFTNRADKKRYNVFAKSFINTINTNLYTFKAVMSKTPEWIHEKSPKHNSYDIIEKRYNEEFKMTYTVYQHKKAKTQVISLGTNDPLDVEQAFAFYVKTLTHSGKGIPHILEHSVLSGSKNYNYKNSIGLLEKGTLHTHLNAYTFNDRTVYMAGSMNNKDFFNIMGVYMDSVFQPNVLENKYIFETEGWTYEVEKLKEDEKGKAEIPQMKDYKVSFNGIVYNEMKGALSSPLEDLYHEEMKYMFPDNVHSNNSGGDPKEITNLTYEEFKEFYYKNYNPKKVKVFFFSKNNPTELLNFVDQYLGQLDYSKYRDDAVESVEYQTYKKGPFYIKKKYGDHSEEKENLVSVAWLLNPKVDKTNNHNNNHSNNQSSENNGYSNGSHSSDLSLENPTDYFVLLIINNLLIHTPESVLYKALTDCGLGNNVIDRGLNDSLVQYIFSIGLKGIKRNNEKIKNFDKVHYEVEDVIMNALKKVVKEGFNKSAVEASINNIEFILKEANLKTSKSIDFVFEMTSKLNYNRDPLLIFEFEKYLNIVKNKIKNEPMYLEKFVEKHFINNAHRSVILLEGDENYAQEQENLEKQELKKRIENFNEQEKEQVIKNFEELSKYKNAEESPEHLNKFPIISISDLNKKTLEVPVNVYFTNINENNNIMETYNKLKTNEHMLKDNMDVFLKKYVLKNDKHNTNNNNNNNNNMDYSFTETKYEGNVPILVYEMPTTGIVYLQFVFSLDHLTVDELAYLNLFKTLILENKTNKRSSEDFVILREKNIGSMSANVALYSKDDHLNVTDKYNAQALFNLEMHVLSHKCNDALNIALEAVKESDFSNKKKVIDILKRKINGMKTTFSEKGYAILMKYVKAHLNSKHYAHNIIYGYENYLKLQEQLELAENDFKTLENILVRIRNKIFNKKNLMVSVTSDYGALKHLFVNSNESLKNLVSYFEENDKYINDMQNKVNDPTVMGWNEEIKSKKLFDEEKVKKEFFVLPTFVNSVSMSGILFKPGEYLDPSFTVIVAALKNSYLWDTVRGLNGAYGVFADIEYDGSVVFLSARDPNLEKTLATFRESAKGLRKMADTMTENDLLRYIINTIGTIDKPRRGIELSKLSFLRLISNESEQDRVEFRKRIMNTKKEDFYKFADLLESKVNEFEKNIVIITTKEKANEYIANVDGEFKKVLIE
G4VFD7,MSRIRTSLEVLSLGFGLFTAEALYSGNEHFYKDWFLPTARLLVRDGETAHNLSVYLASYGFIPHKQRNSFPQLKCKVFGLEFDHPIGLAAGFDKDGKAFMGLLNAGFSHIEVGTVTPNPQLGNARPRIFRWTEKEAVVNRCGFNSDGHDAVYERLKDRPWEGRGVIGVNLGCNKTSADPTADYVAGVRKFGEVADYLVINVSSPNTPGLRSLQTKEKLRDLLSKVLAARNQLSKKTPILLKISPDENDQNLKDIVEVALDSKTRIDGMIISNTTLTTYEEAVACGAAPIPGNNKQNVVYGGLSGRPLFEKSTDCLRKVSALTKGAIPLIGVGGISCGEDALSKLNAGASLVQLYTSFVYQGPPVAHKVAREINKLKMTS
O15770,MYKHRYFHFFFFFFFFLVSTKIIRSFTFLNNNTNLSNPVYFKKKANMVYDLIVIGGGSGGMAAARRAARHNAKVALVEKSRLGGTCVNVGCVPKKIMFNAASVHDILENSRHYGFDTKFSFNLPLLVERRDKYIQRLNNIYRQNLSKDKVDLYEGTASFLSENRILIKGTKDNNNKDNGPLNEEILEGRNILIAVGNKPVFPPVKGIENTISSDEFFNIKESKKIGIVGSGYIAVELINVIKRLGIDSYIFARGNRILRKFDESVINVLENDMKKNNINIVTFADVVEIKKVSDKNLSIHLSDGRIYEHFDHVIYCVGRSPDTENLNLEKLNVETNNNYIVVDENQRTSVNNIYAVGDCCMVKKSKEIEDLNLLKLYNEETYLNKKENVTEDIFYNVQLTPVAINAGRLLADRLFLKKTRKTNYKLIPTVIFSHPPIGTIGLSEEAAIQIYGKENVKIYESKFTNLFFSVYDIEPELKEKTYLKLVCVGKDELIKGLHIIGLNADEIVQGFAVALKMNATKKDFDETIPIHPTAAEEFLTLQPWMK
Q25856,MNNYQNNYIYNEKTLDFINNDQDNDNLKYLKEYVYFTTTNQFDVRKRITVSLNLLANASSKIFLLNSKDKLDLWKNMLIKSYIEVNYNLYPATYLIDTSCTNENVNINNNNNNNNKNKNNYCYSNTTVISCGYENYTKYIEEIYDSKYALSLYSNSLNKEELLTIIIFGCSGDLAKKKIYPALFKLFCNNSLPKDLLIIGFARTVQDFDTFFDKIVIYLKRCLLCYEDWSISKKKDLLNGFKNRCRYFVGNYSSSESFENFNKYLTTIEEEEAKKKYYATCYKMNGSDYNISNNVAEDNISIDDENKTNEYFQMCTPKNCPDNVFSSNYNFPYVINSILYLALPPHIFISTLKKIIKKNCLNSKGTDKILLEKPFGNDLDSFKMLSKQILENFNEQQIYRIDHYLGKDMVSGLLKLKFTNTFLLSLMNRHFIKCIKITLKETKGVYGRGQYFDPYGIIRDVMQNHMLQLLTLITMEDPIDLNDESVKNEKIKILKSIPSIKLEDTIIGQYEKAENFKEDENNDDESKKNHSYHDDPHIDKNSITPTFCTCILYINSINWYGVPIIFKSGKGLNKDICEIRIQFHNIMGSSDENMNNNEFVIILQPVEAIYLKMMIKKTGCEEMEEVQLNLTVNEKNKKINVPEAYETLLLECFKGHKKKFISDEELYESWRIFTPLLKELQEKQVKPLKYSFGSSGPKEVFGLVKKYYNYGKNYTHRPEFVRKSSFYEDDLLDINY
Q8ILW6,MNDDKKDFVGRDLYQLIRNAKDKIKIDYKFWYTQPVPKINDEFDENVNEPFISDNKVEDVRKEEYKLPSGYAWCVCDITKENDRSDIYNLLTDNYVEDDDNVFRFNYSSEFLLWALSSPNYVKNWHIGVKYESTNKLVGFISAIPIDMCVNKNIIKMAEVNFLCVHKSLRSKRLAPVLIKEITRRINLESIWQAIYTAGVYLPKPISTARYFHRSINVKKLIEIGFSCLNTRLTMSRAIKLYRIDDTLNIKNLRLMKKKDIDGLQKLLNEHLKQYNLHAIFSKEDVAHWFTPIDQVIYTYVNEENGEIKDLISFYSLPSKVLGNNKYNILNAAFSFYNITTTTTFKNLIQDAICLAKRNNFDVFNALEVMDNYSVFQDLKFGEGDGSLKYYLYNWKCASCHPSKIGIVLL
Q8IAS0,MKRISPLNTLFYLSLFFSYTFKGLKCTRIYKIGTKALPCSECHDVFDCTGCLFEEKESSHVIPLKLNKKNPNDHKKLQKHHESLKLGDVKYYVNRGEGISGSLGTSSGNTLDDMDLINEEINKKRTNAQLDEKNFLDFTTYNKNKAQDISDHLSDIQKHVYEQDAQKGNKNFTNNENNSDNENNSDNENNSDNENNLDNENNLDNENNSDNSSIEKNFIALENKNATVEQTKENIFLVPLKHLRDSQFVGELLVGTPPQTVYPIFDTGSTNVWVVTTACEEESCKKVRRYDPNKSKTFRRSFIEKNLHIVFGSGSISGSVGTDTFMLGKHLVRNQTFGLVESESNNNKNGGDNIFDYISFEGIVGLGFPGMLSAGNIPFFDNLLKQNPNVDPQFSFYISPYDGKSTLIIGGISKSFYEGDIYMLPVLKESYWEVKLDELYIGKERICCDEESYVIFDTGTSYNTMPSSQMKTFLNLIHSTACTEQNYKDILKSYPIIKYVFGELIIELHPEEYMILNDDVCMPAYMQIDVPSERNHAYLLGSLSFMRNFFTVFVRGTESRPSMVGVARAKSKN
Q8ILP4,MRKYKNELNISNVLEKKDDCCSLDIGGTLIKVVYVNHKYIHDDNIKENTEHLMIKMNGNKNIYLTFFDISKLDDTLYFLLRNNLIKKKITLTGGGAHKYFYHVLEKALYHKLGMEINKGDNKIYVSKYLYDEKLSIFSIFVCSTKSNDQNKNDDINNFNSKIIEGQVLFDKKFVDKFPSDTIKIYVEKRYFDKNGNNDDNNNDDDDNNDDDNNNNDDNNNDNYMILTCSRKDEMNCIMNGIHTLFSVDKSFFRYERFLNVKVPVKITSPFHPFIIANIGSGISILKSNGYDSYQRIAGTAIGGGTLMGLAKIILDNISFEELIKCAEDKNKNISFDLKMKHIIGDAPVDGCTHANTLASCFGCLKNILKEIKENNGHNKTIHHEVAKGLIQMVSYNIGYMVYLLSKMHNVKRIFFSGKYISNNEYIMESLTHGVYYYYLHFNSKMNGVDKINDINLKNNIAKNTIKRELYNVKDIHFNDKDMNSYLSYHYKLQDKEILPQVLFPKHDGFLGALGCFFLA
Q8IBS5,MGQEVSSVNNTKNEHHKTNKKSLKGGNERHEMKESSVGISKKIVENSFNNSKLRPGMFIQNSNVVFNEQYKGIKILGKGSFGEVILSRDKHTGHEYAIKVISKKHVKRKTDKESLLREVELLKMLDHINIMKLYEFFEDNNYYYLVSDVYTGGELFDEIISRKRFYEIDAARIIKQILSGITYMHKNNVVHRDLKPENILLETKNKEDMIIKIIDFGLSTHFEYSKKMKDKIGTAYYIAPDVLHGTYDEKCDIWSCGVILYILLSGCPPFNGSNEYDILKKVEAGKYTFDLPQFKKISDKAKDLIKKMLMYTSAVRISARDALEHEWIKMMTSKDNLNIDIPSLELSIANIRQFQSTQKLAQAALLYMGSKLTTIDETKELTKIFKKMDKNGDGQLDRNELIIGYKELLKLKGEDTSDLDNAAIEYEVDQILNSIDLDQNGYIEYSEFLTVSIDRKLLLSTERLEKAFKLFDKDGSGKISANELAQLFGLSDVSSECWKTVLKEVDQNNDGEIDFKEFRDMLVKLCNY
Q4QEW7,MSLQVNLLNNTFANPFMNAAGVMCTTTEELVAMTESASGSLVSKSCTPALREGNPTPRYQALPLGSINSMGLPNNGFDFYLAYAAEQHDYGKKPLFLSMSGLSMRENVEMCKRLAAVATEKGVILELNLSCPNVPGKPQVAYDFDAMRQCLTAVSEVYPHSFGVKMPPYFDFAHFDAAAEILNEFPKVQFITCINSIGNGLVIDAETESVVIKPKQGFGGLGGRYVLPTALANINAFYRRCPGKLIFGCGGVYTGEDAFLHVLAGASMVQVGTALQEEGPSIFERLTSELLGVMAKKRYQTLDEFRGKVRTLDGTAESTR
A8Q2D1,MALLKPFLSRTFSSFFATITGGRNLIDSIEELITTNYWLIFVMIIVCTCSAPSNGAFFLNDPYGYPFVSLQDDSIESVSATTITTTTIISTIITTTTATQRIFQEKAKTFGQSAEEIQKVKYYLEKIQKFEAKQHPEEIRQQHTTKNSEAIKDDLQIAVEVAKFEKRQKDSITLNPEENGQYYEGDIVLDAQQAHEIYESMIQHGRRTKRKFIRSELRRWDSHKPIIYSFDGSHTIREQRVIELALEHWHNITCLNFERRDDEIQENRIVFTDVDGCASNVGRHPLGEPQFVSLAPECIRLGVIAHEVAHALGFWHEQSRPDRDNYVTVRWENIDRDSKGQFLKELPTDVDNGDVPYDYGSIMHYRSKAFGRYEDLFTLNTNIMDYQKTIGQRDQLSFNDIRLMNVIYCSDSCAQKLPCQRGGYTDPRRCGRCRCPDGFTGKLCERIMPGFGADCGGRIELTSSWKRITSPNYPRDFKEGQECSWLLVAPPGQRVQLRFYGEFEMYCKVRHSLCMDYIEIRNSTDFANTGMRYCCYGTPKSSIMSATEDMLVLFRSFYRGGKGFQAQVRALPTTVFNIRTVRSMDEFNANLNKHAVADS
T1VXA1,MSFDFLGIKKALFGDNTPRPELKSLNIEGVAQLIQDGQVNKIITMVGAGVSTAAGIPDFRSPSSGIYDNLEDFNLPTPNAIFTIDYFRRDPRPFFEIARRLYRPEAKPTLAHCFIRLLHDKGLLLRHYTQNVDSLERLSGLPEEKLVEAHGTFHTGHCIKCNKQHDFEFMLNEILAKRVPQCLKCRNVVKPDVVLFGESMPKKFFKNLSSDLNNCDLLIIMGTSLTVLPFCAMIHRVGNDVPRLYINREYNDGSTESGLSSFIMRFMVAGFKQNYMKWGRSDNKRDIFWSGNADDGVVKISELLGWKDDLLRLKKETDSRLNEEFLAKKSQDKTNGQ
Q8I2S7,MSVLHRFYLFFLFTKFFHCYKISYVLKNAKLAPNHAIKNINSLNLLSENKKENYYYCGENKVALVTGAGRGIGREIAKMLAKSVSHVICISRTQKSCDSVVDEIKSFGYESSGYAGDVSKKEEISEVINKILTEHKNVDILVNNAGITRDNLFLRMKNDEWEDVLRTNLNSLFYITQPISKRMINNRYGRIINISSIVGLTGNVGQANYSSSKAGVIGFTKSLAKELASRNITVNAIAPGFISSDMTDKISEQIKKNIISNIPAGRMGTPEEVANLACFLSSDKSGYINGRVFVIDGGLSP
Q4CXJ6,MPGSELISGGWFREENDQWPGQAMSLRVEKVLYDAPTKFQHLTIFESDPKGPWGTVMALDGCIQVTDYDEFVYHEVLGHTSLCSHPKPERVLIIGGGDGGVLREVLRHGTVEHCDLVDIDGEVMEQSKQHFPQISRSLTDPRATVRVGDGLAFVRQTPDNTYDVVIIDTTDPAGPASKLFGEAFYKDVLRILKPDGICCNQGESIWLNLELIERMSRFIRETGFASVQYALMHVPTYPCGSIGTLVCSKKAGVDVTKPLRPVEDMPFAKDLKYYDSEMHKASFALPRFARHINNSE
A5K1N1,MLRHSCLREKGNLIGGSLLRGISAQLRAAGGGTFRSFHSYRSFCSFCIFRRANKADANWYGCFPGHVAGGATCGPLRGDCAERHKLMAHVRRFSGESTRAKGGDKREGDIEGNRTNGSDKTKQLEEEMKKLNEQIAREKGNHKKALLFIFTCVVALYMYFESYDPEFFLYDVFLKMLLKYVDGETCHELFLLMGKYKLLPYDTGKDNIYSCSEIKGLNFINPFGVAAGFDKNGVCIDGILKLGFSFIEIGTITPKAQKGNERPRIFRDLETRSIINSCGFNNMGCDEVCKNLKRFRERQKTDKLLQRHLVGVSLGKNKDSPDILQDLSYCIGKIGRYADYIAINVSSPNTPGLRDHQKGERLHGIIQRVKEEVAKLDGGGAPLGGATTGGAAMGGATTGEAVVGKAPPDEAATGGEPWANTTKRRPLIFVKLAPDLEEGERKSIANVLLNAEVDGMIICNTTTQKFNIKSFEDKKGGVSGEKLKGVSTHMISQMYNYTNGKIPIIASGGIFTGEDALEKIEAGASVCQLYSCLVFNGMKAAVRIKRELDHLLYQRGYYKLGDAVGRAHRRAA
A0A0H4FQ60,MVGASLGPPGRGSLSRLIRLVICVLTLCALSVQGRSESTEGHSKDLLYKYKLYGDIDEYAYYFLDIDIGTPEQRISLILDTGSSSLSFPCAGCKNCGVHMENPFNLNNSKTSSILYCENEECPFKLNCVKGKCEYMQSYCEGSQISGFYFSDVVSVVSYNNERVTFRKLMGCHMHEESLFLYQQATGVLGMSLSKPQGIPTFVNLLFDNAPQLKQVFTICISENGGELIAGGYDPAYIVRRGGSKSVSESVSGQGSGPVSESLSESGEDPQVALREAEKIVWENVTRKYYYYIKVRGLDMFGTNMMSSSKGLEMLVDSGSTFTHIPEDLYNKLNYFFDILCIQDMNNAYDVNKRLKMTNESFNNPLVQFDDFRKSLKSIIAKENMCVKIVDGVQCWKYLEGLPDLFVTLSNNYKMKWQPHSYLYKKESFWCKGIEKQVNNKPILGLTFFKSRQVIFDIQKNRIGFVDANCPSHPTHTRPRTYNEYKRKDNIFLKIPFFYLYSLFVVFALSVLLSLVFYVRRLYHMEYSPLPSEGKAPADA
E9BRC0,MKVENSKMGVKREQSHSNEDEEINEEDLNWWEQENLRIAMKGERRWETLAHNGVLFPPEYEPHGIPIFYDGREFKMTPEEEEVATMFAVMKEHDYYRMEVFRRNFFESWREILDKRQHPIRRLELCDFEPIYQWHLVQREKKLSRTKEEKKAIKEKQDAEAEPYRYCVWDGRREQVANFRVEPPGLFRGRGKHPLMGKLKVRVQPEDITINIGETAEVPVPPAGHKWAAVQHDHTVTWLAMWRDSVAGNMKYVMLAPSSSVKGQSDMVKFEKARKLKDKVDDIRASYMEDFKSNDLHVAQRAVAMYFIDRLALRVGNEKGEDEADTVGCCSLRVEHIQLMPDNIVRFDFLGKDSIRYQNDVAVLPEVYALLQRFTRRKSPGTDIFDQLNPTQLNDHLKSFMDGLSAKVFRTYNASITLDRWFKEKPVDPKWSTADKLAYFNKANTEVAILCNHQKSVSKNFKLQMMQLTTKSEYTRKTIELLEKAEVTAKKKSVEEAAKEFLEEQDRMQREWLESYGTEEQKKEFEEIVAKRAAPRVRSEKKKSTSGAKKAESASGKKRAAKKKKSAKKGGKVLSKKAASKSSKKAPKKLKEEDEDDVPLVSVAAKTKKTAGVKRQRANKVVSDDDDVPLAALRV
Q8IIL0,MEYHMEYSPNEVIKQEREVFVGKEKSGSKFKRKRSIFIVLTVSICFMFALMLFYFTRNENNKTLFTNSLSNNINDDYIINSLLKSESGKKFIVSKLEELISSYDKEKKMRTTGAEENNMNMNGIDDKDNKSVSFVNKKNGNLKVNNNNQVSYSNLFDTKFLMDNLETVNLFYIFLKENNKKYETSEEMQKRFIIFSENYRKIELHNKKTNSLYKRGMNKFGDLSPEEFRSKYLNLKTHGPFKTLSPPVSYEANYEDVIKKYKPADAKLDRIAYDWRLHGGVTPVKDQALCGSCWAFSSVGSVESQYAIRKKALFLFSEQELVDCSVKNNGCYGGYITNAFDDMIDLGGLCSQDDYPYVSNLPETCNLKRCNERYTIKSYVSIPDDKFKEALRYLGPISISIAASDDFAFYRGGFYDGECGAAPNHAVILVGYGMKDIYNEDTGRMEKFYYYIIKNSWGSDWGEGGYINLETDENGYKKTCSIGTEAYVPLLE
P61076,MNNVISFIGNSSNKYFQINQLHFIRIINKNIHSKNNLINSNSSYNVFYNKYFIKNTFQNKNKLSSIYSKLNFSIKNMCKDKNEKKNYEHVNANEKNGYLASEKNELTKNKVEEHTYDYDYVVIGGGPGGMASAKEAAAHGARVLLFDYVKPSSQGTKWGIGGTCVNVGCVPKKLMHYAGHMGSIFKLDSKAYGWKFDNLKHDWKKLVTTVQSHIRSLNFSYMTGLRSSKVKYINGLAKLKDKNTVSYYLKGDLSKEETVTGKYILIATGCRPHIPDDVEGAKELSITSDDIFSLKKDPGKTLVVGASYVALECSGFLNSLGYDVTVAVRSIVLRGFDQQCAVKVKLYMEEQGVMFKNGILPKKLTKMDDKILVEFSDKTSELYDTVLYAIGRKGDIDGLNLESLNMNVNKSNNKIIADHLSCTNIPSIFAVGDVAENVPELAPVAIKAGEILARRLFKDSDEIMDYSYIPTSIYTPIEYGACGYSEEKAYELYGKSNVEVFLQEFNNLEISAVHRQKHIRAQKDEYDLDVSSTCLAKLVCLKNEDNRVIGFHYVGPNAGEVTQGMALALRLKVKKKDFDNCIGIHPTDAESFMNLFVTISSGLSYAAKGGCGGGKCG
O96526,MSSFGRVTARSGDAGTRDSLDRYNRLDVLGEGTYGVVYRAVDKITGQYVALKKVRLDRTEEGIPQTALREVSILQEFDHPNIVNLLDVICSDGKLYLVFEYVEADLKKAIEKQEGGYSGMDLKRLIYQLLDGLYFCHRHRIIHRDLKPANILLTSGNVLKLADFGLARAFQVPMHTYTHEVVTLWYRAPEILLGEKHYTPAVDMWSVGCIFAELTRRKVLFRGDSEIGQLFEIFQVLGTPTDTEGSWPGVSRLPDYRDVFPKWTAKRLGQVLPELHPDAIDLLSKMLKYDPRERISAKEALQHPWFSDLRW
Q8IDQ9,MTLIENLNSDKTFLENNQYTDEGVKVYEFIFGENYISSGGLEATKKILSDIELNENSKVLDIGSGLGGGCMYINEKYGAHTHGIDICSNIVNMANERVSGNNKIIFEANDILTKEFPENNFDLIYSRDAILHLSLENKNKLFQKCYKWLKPTGTLLITDYCATEKENWDDEFKEYVKQRKYTLITVEEYADILTACNFKNVVSKDLSDYWNQLLEVEHKYLHENKEEFLKLFSEKKFISLDDGWSRKIKDSKRKMQRWGYFKATKN
A5K1A2,MNDDNKEFSGRDIYQLIKNAKDKIKIDYKFWYTQPVPKINDEFNESVNEPFISDNKVEDVRKDEYKLPPGYSWYVCDVKDEKDRSEIYTLLTDNYVEDDDNIFRFNYSAEFLLWALTSPNYLKTWHIGVKYDASNKLIGFISAIPTDICIHKRTIKMAEVNFLCVHKTLRSKRLAPVLIKEITRRINLENIWQAIYTAGVYLPKPVSDARYYHRSINVKKLIEIGFSSLNSRLTMSRAIKLYRVEDTLNIKNMRLMKKKDVEGVHKLLGSYLEQFNLYAVFTKEEIAHWFLPIENVIYTYVNEENGKIKDMISFYSLPSQILGNDKYSTLNAAYSFYNVTTTATFKQLMQDAILLAKRNNFDVFNALEVMQNKSVFEDLKFGEGDGSLKYYLYNWKCASFAPAHVGIVLL
Q25869,MSTETFAFNADIRQLMSLIINTFYSNKEIFLRELISNASDALDKIRYESITDTQKLSAEPEFFIRIIPDKTNNTLTIEDSGIGMTKNDLINNLGTIARSGTKAFMEAIQASGDISMIGQFGVGFYSAYLVADHVVVISKNNDDEQYVWESAAGGSFTVTKDETNEKLGRGTKIILHLKEDQLEYLEEKRIKDLVKKHSEFISFPIKLYCERQNEKEISASEEEEGEGEGEREGEEEEEKKKKTGEDKNADESKEENEDEEKKEDNEEDDNKTDHPKVEDVTEELENAEKKKKEKRKKKIHTVEHEWEELNKQKPLWMRKPEEVTNEEYASFYKSLTNDWEDHLAVKHFSVEGQLEFKALLFIPKRAPFDMFENRKKRNNIKLYVRRVFIMDDCEEIIPEWLNFVKGVVDSEDLPLNISRESLQQNKILKVIKKNLIKKCLDMFSELAENKENYKKFYEQFSKNLKLGIHEDNANRTKITELLRFQTSKSGDEMIGLKEYVDRMKENQKDIYYITGESINAVSNSPFLEALTKKGFEVIYMVDPIDEYAVQQLKDFDGKKLKCCTKEGLDIDDSEEAKKDFETLKAEYEGLCKVIKDVLHEKVEKVVVGQRITDSPCVLVTSEFGWSANMERITKAQALRDNSMTSYMLSKKIMEINARHPIISALKQKADADKSDKTVKDLIWLLFDTSLLTSGFALEEPTTFSKRIHRMIKLGLSIDEEENNDIDLPPLEETVDATDSKMEEVD
Q8T8E9,MRVLVCGGAGYIGSHFVRALLRDTNHSVVIVDSLVGTHGKSDHVETRENVARKLQQSDGPKPPWADRYAALEVGDVRNEDFLNGVFTRHGPIDAVVHMCAFLAVGESVRDPLKYYDNNVVGILRLLQAMLLHKCDKIIFSSSAAIFGNPTMGSVSTNAEPIDINAKKSPESPYGESKLIAERMIRDCAEAYGIKGICLRYFNACGAHEDGDIGEHYQGSTHLIPIILGRVMSDIAPDQRLTIHEDASTDKRMPIFGTDYPTPDGTCVRDYVHVCDLASAHILALDYVEKLGPNDKSKYFSVFNLGTSRGYSVREVIEVARKTTGHPIPVRECGRREGDPAYLVAASDKAREVLGWKPKYDTLEAIMETSWKFQRTHPNGYASQENGTPGGRTTKL
A0A0S4TER9,MSEKNVSIVVAASVLSSGIGINGQLPWSISEDLKFFSKITNNKCDSNKKNALIMGRKTWDSIGRRPLKNRIIVVISSSLPQDEADPNVVVFRNLEDSIENLMNDDSIENIFVCGGESIYRDALKDNFVDRIYLTRVALEDIEFDTYFPEIPETFLPVYMSQTFCTKNISYDFMIFEKQEKKTLQNCDPARGQLKSIDDTVDLLGEIFGIRKMGNRHKFPKEEIYNTPSIRFGREHYEFQYLDLLSRVLENGAYRENRTGISTYSIFGQMMRFDMRESFPLLTTKKVAIRSIFEELIWFIKGDTNGNHLIEKKVYIWSGNGSKEYLERIGLGHREENDLGPIYGFQWRHYNGEYKTMHDDYTGVGVDQLAKLIETLKNNPKDRRHILTAWNPSALSQMALPPCHVLSQYYVTNDNCLSCNLYQRSCDLGLGSPFNIASYAILTMMLAQVCGYEPGELAIFIGDAHIYENHLTQLKEQLSRTPRPFPQLKFKRKVENIEDFKWEDIELIGYYPYPTIKMDMAV
Q8T9Z7,MDNLLRHLKISKEQITPVVLVVGDPGRVDKIKVVCDSYVDLAYNREYKSVECHYKGQKFLCVSHGVGSAGCAVCFEELCQNGAKVIIRAGSCGSLQPDLIKRGDICICNAAVREDRVSHLLIHGDFPAVGDFDVYDTLNKCAQELNVPVFNGISVSSDMYYPNKIIPSRLEDYSKANAAVVEMELATLMVIGTLRKVKTGGILIVDGCPFKWDEGDFDNNLVPHQLENMIKIALGACAKLATKYA
Q8ILQ7,MGDNIVLYYFDARGKAELIRLIFAYLGIEYTDKRFGVNGDAFVEFKNFKKEKDTPFEQVPILQIGDLILAQSQAIVRYLSKKYNICGESELNEFYADMIFCGVQDIHYKFNNTNLFKQNETTFLNEDLPKWSGYFEKLLKKNHTNNNNDKYYFVGNNLTYADLAVFNLYDDIETKYPSSLKNFPLLKAHNEFISNLPNIKNYITNRKESVY
Q27686,MSQLAHNLTLSIFDPVANYRAARIICTIGPSTQSVEALKGLIQSGMSVARMNFSHGSHEYHQTTINNVRQAAAELGVNIAIALDTKGPEIRTGQFVGGDAVMERGATCYVTTDPAFADKGTKDKFYIDYQNLSKVVRPGNYIYIDDGILILQVQSHEDEQTLECTVTNSHTISDRRGVNLPGCDVDLPAVSAKDRVDLQFGVEQGVDMIFASFIRSAEQVGDVRKALGPKGRDIMIICKIENHQGVQNIDSIIEESDGIMVARGDLGVEIPAEKVVVAQKILISKCNVAGKPVICATQMLESMTYNPRPTRAEVSDVANAVFNGADCVMLSGETAKGKYPNEVVQYMARICLEAQSALNEYVFFNSIKKLQHIPMSADEAVCSSAVNSVYETKAKAMVVLSNTGRSARLVAKYRPNCPIVCVTTRLQTCRQLNITQGVESVFFDADKLGHDEGKEHRVAAGVEFAKSKGYVQTGDYCVVIHADHKVKGYANQTRILLVE
Q9NFS5,MDKLISNNKLKLSVVLLGGLCSLAYYHLKNKFHLSQFCFSKKWFSEFSIMWPGQAFSVEIKKILYETKSKYQNVLVFESTTYGKVLVLDGVIQLTEKDEFAYHEMMTHIPMTVSKEPKNVLVVGGGDGGIIRELCKYKSVENIDICEIDETVIEVSKIYFKNISCGYEDKRVNVFIEDASKFLENVTNTYDVIIVDSSDPIGPAETLFNQNFYEKIYNALKPNGYCVAQCESLWIHVGTIKNMIGYAKKLFKKVEYANISIPTYPCGCIGILCCSKTDTGLTKPNKKLESKEFADLKYYNYENHSAAFKLPAFLLKEIENI
Q8IM16,MALTVKEEEFSNTLIKNASAFDRLKLGNLKNLKIQKKLQFLYLILFVLITGVFFFFLIGNFYSHRKLYQVIKNTKHTTIGFKIDRPHDKVLSSVLKNKLSTYVKESFKFFKSGYAQKGYLGSENDSIELDDVANLMFYGEGQIGTNKQPFMFIFDTGSANLWVPSVNCDSIGCSTKHLYDASASKSYEKDGTKVEISYGSGTVRGYFSKDVISLGDLSLPYKFIEVTDADDLEPIYSGSEFDGILGLGWKDLSIGSIDPVVVELKKQNKIDNALFTFYLPVHDKHVGYLTIGGIESDFYEGPLTYEKLNHDLYWQIDLDIHFGKYVMQKANAVVDSGTSTITAPTSFLNKFFRDMNVIKVPFLPLYVTTCDNDDLPTLEFHSRNNKYTLEPEFYMDPLSDIDPALCMLYILPVDIDDNTFILGDPFMRKYFTVFDYEKESVGFAVAKNL
A0A0C5PRQ1,MSLLRCTTLLLVVVAIALPPCILGYSLHDGSRLDDFLTESAADRRPRRPTTAAQRRLMGLTEEQYKTVHFYLNKLKELGNQRHPEGYDKDTTKDEADKWRKRMRDDIEGELLNPEEYGRHFEGDIILFPEQAKQIYENALKTGQRRVKRKFIGSDLRRWDPTRPIVYSFDGSHTSREQRIIELALEHWHNITCLNFVRNDNANSGNRIVFTDVDGCASNVGRHPLGEEQLVSLAPECIRLGVIAHEVAHALGFWHEQSRPDRDQFVNVRWENIDKDSKGQFLKEDPDDVDNAGVPYDYGSIMHYRSKAFSRYDDLYTISTFVTDYQKTIGQRDQLSFNDIRLMNKIYCSNVCSRKLPCQRGGYTDPRRCDRCRCPDGFTGQFCEQVMPGYGAVCGGRIQVNGGWTKFSSPGYPREFKEGQECSWLLVAPHGQVVEMQFIGEFEMYCKVRHSLCMDYVEVRNSTDFANTGMRYCCYGTPSTSIRSATTDLVVLFRSFYRGGRGFEARARALPANGQWASWSPWTPCTASCGACGSRMRTRVCSHGACAGEPVENQVCNTHPCNGLCAHKKTEDGECGGFLALLRGVRCKQERTVMEPCENACCPGFSVVGGRCVR
A0A0Y9T855,MITKKGLESYISRGNSKLIGNLLKNYGIVNNKNSIAKYRNYYNSLNNAPKNDCLVSYDKWRIIGYNGNRYFSNINARKYSSSSNHSNSDPSNAEFFEDEMKRFDERMNKEKSKHKKVLFFIFSSIVGLYMYFESYNPEFFMYDVFLDFCLNYVDSEVCHDLFLLLGKYGLLPYDTSNDSVYATSDIKNLNFINPFGVAAGFDKNGICIDSILKLGFSFIEIGTITPKPQKGNNKPRIFRDVENKSIINACGFNNIGCDKVTENLINFRKKQEEDKLLSKHIVGVSIGKNKHTENIVDDLKYSIYKIARYADYIAINVSSPNTPGLRDNQESNKLKNIILFVKQEINKIEQIGHNGETFWMNTIKKKPLVFVKLAPDLENSEKKKIAQVLLDTGIDGMIISNTTINKMDIKSFEDKKGGVSGKKLKDLSTNLISDMYIYTNKQIPIIASGGILTGADALEKIEAGASVCQLYSCLVFNGVKSAIQIKREFNNALYQKGYYNLREAIGKKHSNAKSLKV
Q8ILG2,MFFINFKKIKKKQFPIYLTQHRIITVFLIFIYFINLKDCFHINNSRILSDVDKHRGLYYNIPKCNVCHKCSICTHENGEAQNVIPMVAIPSKRKHIQDINKEREENKYPLHIFEEKDIYNNKDNVVKKEDIYKLRKKKKQKKNCLNFLEKDTMFLSPSHDKETFHINHMNKIKDEKYKQEYEEEKEIYDNTNTSQEKNETNNEQNLNINLINNDKVTLPLQQLEDSQYVGYIQIGTPPQTIRPIFDTGSTNIWIVSTKCKDETCLKVHRYNHKLSSSFKYYEPHTNLDIMFGTGIIQGVIGVETFKIGPFEIKNQSFGLVKREKASDNKSNVFERINFEGIVGLAFPEMLSTGKSTLYENLMSSYKLQHNEFSIYIGKDSKYSALIFGGVDKNFFEGDIYMFPVVKEYYWEIHFDGLYIDHQKFCCGVNSIVYDLKKKDQENNKLFFTRKYFRKNKFKTHLRKYLLKKIKHQKKQKHSNHKKKKLNKKKNYLIFDSGTSFNSVPKDEIEYFFRVVPSKKCDDSNIDQVVSSYPNLTYVINKMPFTLTPSQYLVRKNDMCKPAFMEIEVSSEYGHAYILGNATFMRYYYTVYRRGNNNNSSYVGIAKAVHTEENEKYLSSLHNKINNL
Q38DI7,MSMDVGVVGLGVMGANLALNIAEKGFKVAVFNRTYSKSEEFMKANASAPFAGNLKAFETMEAFAASLKKPRKALILVQAGAATDSTIEQLKKVFEKGDILVDTGNAHFKDQGRRAQQLEAAGLRFLGMGISGGEEGARKGPAFFPGGTLSVWEEIRPIVEAAAAKADDGRPCVTMNGSGGAGSCVKMYHNSGEYAILQIWGEVFDILRAMGLNNDEVAAVLEDWKSKNFLKSYMLDISIAAARAKDKDGSYLTEHVMDRIGSKGTGLWSAQEALEIGVPAPSLNMAVVSRQFTMYKTERQANASNAPGITQSPGYTLKNKSPSGPEIKQLYDSVCIAIISCYAQMFQCLREMDKVHNFGLNLPATIATFRAGCILQGYLLKPMTEAFEKNPNISNLMCAFQTEIRAGLQNYRDMVALITSKLEVSIPVLSASLNYVTAMFTPTLKYGQLVSLQRDVFGRHGYERVDKDGRESFQWPELQ
P36400,MATSRAALCAVAVVCVVLAAACAPARAIHVGTPAAALFEEFKRTYGRAYETLAEEQQRLANFERNLELMREHQARNPHAQFGITKFFDLSEAEFAARYLNGAAYFAAAKRHAAQHYRKARADLSAVPDAVDWREKGAVTPVKDQGACGSCWAFSAVGNIEGQWYLAGHELVSLSEQQLVSCDDMNDGCDGGLMLQAFDWLLQNTNGHLHTEDSYPYVSGNGYVPECSNSSELVVGAQIDGHVLIGSSEKAMAAWLAKNGPIAIALDASSFMSYKSGVLTACIGKQLNHGVLLVGYDMTGEVPYWVIKNSWGGDWGEQGYVRVVMGVNACLLSEYPVSAHVRESAAPGTSTSSETPAPRPVMVEQVICFDKNCTQGCRKTLIKANECHKNGGGGASMIKCSPQKVTMCTYSNEFCVGGGLCFETPDGKCAPYFLGSIMNTCHYT
Q8IM71,MESKICDPIGLDKNKFRKVEEENEENSKIVENGQMTYNDDLEMFTTIQLNQEIDIRKNPFPLHMINQKNDIPLCAQEFSKLTDPLYIKKICLEKVHDWSRCNEDDVCVNQILSGLTNQLFEVSIKEDTAIEYRITRRHVLFRIYGKDVDALYNPLSEFEVYKTMSKYRIAPLLLNTFDGGRIEEWLYGDPLSIDDLKNKSILVGIANVLGKFHTLSRKRHLPEHWDKTPCVFKMMDRWRLAVSNYKNLDKVTLDINKYIQESHKFLKFIKIYTQIENIANDIVFCHNDLQENNIMNTNKCLRLIDFEYSGYNFLSADIANFFIETTIDYSYNAYPFFIINKKNYISYESRILFVTTYLSKYLDDSTAASDQDIIDQFLEAIEVQALGLHLIWAFWSIIRGYQTKSYNEFDFFLYAKERLKMYDEQKQYLMSKNIIKDYDD
Q8IIA4,MKKIIMVIFFLLSKICKNNAILKSLKKNNKIVLKNIITKKQEPHLYHKLYNNIYNNIYNNNNKKKNRNRNKNKNKIKIKKKENKEASFFYINNYKKKLFDEQGNTLILHRRNNWINKRDNIVENYKNVKAKKHLLKLFISKNNYIYNTKMFSSCINNNCNTNDVEVMKKKLVVGENPEFIKKRLEKFNEIKEKRKQELEENFEELRKPITIELLDGSIKSGESYVTTPFDIALSISKRLAEDSIVCKVTYLEKVDVELCDIEEGDDHNEEANDEVEEKSKEDNNENNNDNKNNNDNENNNDNKNNNDNKNNNYNNYNNYNNYNNNSHIMKSILWDLNVPLLGNCRVEFINIQSEEGQKIFWHSSAHILGSSLEKLFGGFLTIGPALKEGFYYDIFLNNFSINNEDYKRIEDEFNKLVKDNVPFEKVICTKEEALELFDYNPFKLELIRSKIPDNKKTSVYRCGNFIDLCLGPHIKNTGKVKTFKVLKNSSAYWLGQKENDSLQRVYGISFQKKSELVEYLKFLEEAKKRDHRNVGKILNLFFFEKETSPGSCFWLPHGSKIYNKLIEFIRKEYRIRKYEEVISPNVFSCDLWKTSGHYQNYKDCMFLFNVENKEWGMKPMNCPGHCLMFKQLNVSYRSLPVRLADFGVLHRNEISGSLSGLTRVRRFQQDDSHIFCSMEHIKQEVLNTLNFLFYVYNLFGFKYELFLSTRPKKFIGQISTWNLAEQHLKDALYAANVQWKINEGDGAFYGPKIDILVKDSLNRTHQCGTIQLDFQLPVRFNLQYKNKEYVTNNEKNEKNEKNHDNDDNVHNNNNYPINHDDLHNNEKKEFKDSQNHNEDKEHNNIHDNHSLKPNINEEGLLKKGFERPIIIHRAILGSVERFVAILIEHTAGKLPFWLSPRQAIVLPIGDKYNDYANYVYETLHNNMFDVDLDTSVNTLNKKIREAQLKQFNYILVVGEKELTTNTVTLRDRDDQNNQHVYTIQELINKFNKLLDVNSKKFNQIKEFNSNQTI
D5JEH1,MYQRLVLVFSFLWIIDKNSCASGDGCFGLFEKLKWNGTFSFNNKVLTLRLEVTNNPEHWIVNYLFEILARERLGYTKIEFVLIEDSNISSSLKRLQCPNTQCLKLPEIHLNLLLWLPLDGNVKFWAKPSSVTDHGPLGPIRSWKLLTQSCYNKSHLRGNPNYTSLKYDCSSTVDTVSQNYSGYQTESVQNSDLLNNHSLLSGKSVTILDFELNSTCLRYNSYSIPPPPLCSTDTKSTSTNSYQYCYTESYQAVKVTWAKLRTAAPQIFQLASKMYMSHDELGELVHSALLDSNIDRQSTYKQVACRWLRQNPIKWKSWTVDWDKKLNLTVAGLFSMYGKWVLHGLDRVAQEAVNFVNADSDYFRNSEYALSLDVRNLTCEPDVVLSDYFKVLENAVNTRLIGSIAALCSDSIEAVVELANIRKQIIVSPTVGSARFLEQQQYHYFFRTVPSMTLANFILLRLFLVWGWHRIVVFRKSDHFFEPLLFQAKGIEIIANIEMDEQQLTYKLAKDTLEELKQQNSRIFVVEYDARGTYLILCAAYHEGMYFSAGYVWFLNPWLSDQWWSELVGRNTECNFSEMLNITSWTFTVGHQLLIGPMVHSFIPRTSEFMDSDSKSGNNSSGTPNRTSSEQIRRRRHVFAQSQTLEVPPVLSRTKHNPNPNDLGKSIFSDHSKRKLIKDPLHDYTVYTYDAVILLASAVVHLLRENPAAASALDHPDVSETLRTLVARTNFGYRFQTDNSTTGQSSEINELVPGINDDNFGVDAGFQLAGDYYGIRSQSPASASNLRFNDHNERIADYWLLKQRHLNTTVPIIMWSTKNYEKVHEQDQQQQSYDPFNHMISSNNMSNKYDWKTTNAPFLYDEFQKRMTERWLDHVNWHTLGGPPNDGSINEKNCTLSFLSNQLHMGCTGATVFVTVTVTVLVLLPLIVFAHFYYRRKLKEIENRTRKPFEELCTELADLDMPAENIVLNRRVGQGAFGLVFGGEAKKSDLWEAVAVKVINEKANYEGKIDFLSEAKLMRSLNHPNVVRLIGISLNPKASLYLIMELMLLGDLKTYLLSRRILAQRSPNHEDIRPSTLTQMSMDIGQGLAYLHSKHLIHRDIACRNCLVAADRTVKIGDFGLTRQAAKNTSEAYYRFTRKCELPIRWMSPEAVQFGVFSIQSDIWSFGITLYEIITFGVFPYNGLGDVEVVERVKRMEFSITEFLPPQALNTVVCELINHCCKHQWQHRPSSMNQVLEVLIAYPDCIRPFLTDDPPKPNTTIDSLPFQPTVDTCIISESAMTGLAAIDSVGGFRTIRSASTVAVPISSCSPSPVPLNLPDDNSDKYYGCEKRLSEQTNLRDSTLSNHHTIFDWSDNYTSHPYTDSSVHSKLIGFYQLPMFSDRQTLFPSVVTDESKELNIMSKSGESSSLPPVFNNYTTSFVTSVSNTINISTNVLFNLSTSPISTTPSYQSIDESSQLIMKSPELITDQYTYSTGNTLHIRKQKRSNTTHINNTTSNIPDELNNLLSDNQLKLSLDADSIMNIEESDRSHMLITEDKNSDKQFFIVPRNESHMFNVSSIPRNPIQTWNINCLRPTRSLINLTSVRYPKHYLQNNIKSEHYASVDHFSSITKHSDIHGSDLTLPPSLFTFISDSFLSGRKTV
P62344,MGCSQSSNVKDFKTRRSKFTNGNNYGKSGNNKNSEDLAINPGMYVRKKEGKIGESYFKVRKLGSGAYGEVLLCREKHGHGEKAIKVIKKSQFDKMKYSITNKIECDDKIHEEIYNEISLLKSLDHPNIIKLFDVFEDKKYFYLVTEFYEGGELFEQIINRHKFDECDAANIMKQILSGICYLHKHNIVHRDIKPENILLENKHSLLNIKIVDFGLSSFFSKDNKLRDRLGTAYYIAPEVLRKKYNEKCDVWSCGVILYILLCGYPPFGGQNDQDIIKKVEKGKYYFDFNDWKNISEEAKELIKLMLTYDYNKRITAKEALNSKWIKKYANNINKSDQKTLCGALSNMRKFEGSQKLAQAAILFIGSKLTTLEERKELTDIFKKLDKNGDGQLDKKELIEGYNILRSFKNELGELKNVEEEVDNILKEVDFDKNGYIEYSEFISVCMDKQILFSEERLRDAFNLFDTDKSGKITKEELANLFGLTSISEQMWNEVLGEADKNKDNMIDFDEFVNMMHKICDNKSS
Q386D9,MSTVRRDRLVSIEAEAQARWSKEKIYELDAPLKGEETQPKFFTTFPYPYMNGRLHLGHTFSLTKCEFATRFWRMKGYRSLWPFGLHVTGTPIAACAQKIKLEMELYGNPPQFPAEVEDKPLEKKDEVATIGQHKGKRGKAGPAKPQWIIMRTMGIEESEIPKFADPLHWFDFFPPLAIQDLKRLGCHIDYRRSFITTDRNPYYDRFVSWQFRNLRSSNYLHYGKRYCIYSPLDKQPCADHDRASGEGALPQEYTVVKLKVKNPLEQPALAPFSEIIGNRSVILPGATLRPETVIGQTNCWVSPNFSYMAYSILNGTGEEEIYIMTSRAARNLAYQNFTVNGKTGVDPSPLFEVDGAKLIGLPLSAPLCPYDTIYTLPMQSIIETKGTGVVMSVPADSPDDYINYVQLVNKPDYRAKLGLKDEWVANKIVSLIEVPGEMGRESAKYMCEKLKINGPNATDLLEEAKKVIYQAGFYQGVMIAGPFAGEKVSAAKVKTVKLLEEQNAAIRYYEPARIVVSRSGEECVVALCDQWYIEYGKEEWKEMVMRHLKNMNLAPVVRNGFEETLNWLADWPCSRNFGLGTKFPSDEGGTMIIDSLSDSTIYMAYYTIAHFLHKGADGIHRLDAHHENALGVEPEMFTDETFDYIFRGRGTPESVHAVNGLPTEAAEKMRREFLYWYPVDLRCSGKDLIQNHLTMFLYNHAAIWPDDESKWPRSVFANGHVLVDNEKMSKSKGNFMTLEEAINEYGSDATRLACADAGDTLDDANFVRETATGFIMKLTTVIDGSEELLKNKRSLRGGEFNIFDRIFSNTINTIIIRVEKYYTNMQFRNVLNAAYHELSNEFSQYKLNCDTMQMHADLAERYLEVITLLLAPIAPHFSEYMWTTVLGRKTSVVLEPFPKVTAPVEYATLVASRVLTDVVKEIRAQVTKAQKKRGPITEVCVYTSGAYSEWQVKALGLLRELYEANNKSFPAEFSKAVMARRQDWMTKDILPDVMAFVSFTKMNVEQYGEEALASTPAINDMEVLKEVHASVCKLSGVPTVHILSNEDETYTEHRVARKKCRPGEPSVAFPDKKA
Q7K6A1,MSNRKKVAYFHDPDIGSYYYGAGHPMKPQRIRMTHSLIVSYNLYKYMEVYRPHKSDVNELTLFHDYEYIDFLSSISLENYREFTYQLKRFNVGEATDCPVFDGLFQFQQSCAGASIDGASKLNHHCADICVNWSGGLHHAKMSEASGFCYINDIVLGILELLKYHARVMYIDIDVHHGDGVEEAFYVTHRVMTVSFHKFGDYFPGTGDITDVGVNHGKYYSVNVPLNDGMTDDAFVDLFKVVIDKCVQTYRPGAIIIQCGADSLTGDRLGRFNLTIKGHARCVEHVRSYNIPLLVLGGGGYTIRNVSRCWAYETGVVLNKHHEMPDQISLNDYYDYYAPDFQLHLQPSNIPNYNSPEHLSRIKMKIAENLRHIEHAPGVQFSYVPPDFFNSDIDDESDKNQYELKDDSGGGRAPGTRAKEHSTTHHLRRKNYDDDFFDLSDRDQSIVPY
Q965D6,MSVLHRFYLFFLFTKFFHCYKISYVLKNAKLAPNHAIKNINSLNLLSENKKENYYYCGENKVALVTGAGRGIGREIAKMLAKSVSHVICISRTQKSCDSVVDEIKSFGYESSGYAGDVSKKEEISEVINKILTEHKNVDILVSNAGITRDNLFLRMKNDEWEDVLRTNLNSLFYITQPISKRMINNRYGRIINISSIVGLTGNVGQANYSSSKAGVIGFTKSLAKELASRNITVNAIAPGFISSDMTDKISEQIKKNIISNIPAGRMGTPEEVANLACFLSSDKSGYINGRVFVIDGGLSP
Q53I60,MSEDAGLPVPRSQWVERSVSCATCGKRFSLFTAKSNCPCCGKLCCSDCVQAECAIVGGSAPSKVCIDCFSMLQSRRRVEPDEGSSFREFNAASAFPLQTRLLADGRVESGETSRVSPPNDGRVQHFSRANGYSNSLPVLDEYVDDLLRKSELLRMENDVLLNRLREQEAEIQALRLERDRAVARIVPDGGSMAGRSGTPQVSDEIVKELREELAVAHLRIESVEGELKNALDRAKSSETVVKNLKQHLCNYKEEVVRLLQSREEVEMLPGVSGHRDMISTRRLPPSIVQDTILAVVPPKSCAAIGTDVDLRDWGFDTFEVASRVPSVLQSVAMHVALAWDFFASQEEAQKWAFLVAAVENNYRPNPYHNAIHAADVLQGTFSLVSAAKPLMEHLTPLECKAAAFAALTHDVCHPGRTNAFLAAVQDPVSFKFSGKGTLEQLHTATAFELLNVTEFDFTSSMDNASFLEFKNIVSHLIGHTDMSLHSETVAKHGAKLSAGGFDCTCKEDRLEALSLLLHAADIGASSRGVAIARKWLVILQEFADQAEDERRRGLPVTPGFETPSSVEKSQIPFLDFFVIPTFDLLHQLFPSIEEPLHNLRKLRELYAAKAGVTTPFPPPVDYRSREEKIRSLEAELAYFRRREEEFHRQLLELRTASENVNKNSAALMTSEGALNKQSQLVCRGEGNMNADWADAGGGFRNEKDVRDLQDVSMDHLVSSKTVEPDTGDSRPRSRRGSKAETTKAYERNLGEREAALMATARLMENREKRLAVLSEKLAEIAEGLHEERKRLKPMEEFKTPCFSRETELISEESASMDVTHRFSTQWEAEGRLARKYRELDELLLIVRAMRMGYAARRNTHLGWKALSATLAEREAAITEAVELSRQRRRHLEEGRGLHPTATQLDRLENAIFQLMSATTLLTQC
Q8IL32,MQNVYVGNKIKFIILYFFCVLFLKDYERSEAFNLARTTEKLNYILNYKTPNRYDLNNNVNKLFFEKQKKKIEFSRKPLNSFNEDVKTIREDISSDSSPVEKYNFKAEVNKVMDIIVNSLYTDKDVFLRELISNASDACDKKRIILENNKLIKDAEVVTNEEIKNETEKEKTENVNESTDKKENVEEEKNDIKKLIIKIKPDKEKKTLTITDNGIGMDKSELINNLGTIAQSGTAKFLKQIEEGKADSNLIGQFGVGFYSSFLVSNRVEVYTKKEDQIYRWSSDLKGSFSVNEIKKYDQEYDDIKGSGTKIILHLKEECDEYLEDYKLKELIKKYSEFIKFPIEIWSEKIDYERVPDDSVSLKDGDKMKMKTITKRYHEWEKINVQLPIWKQDEKSLTENDYYSFYKNTFKAYDDPLAYVHFNVEGQISFNSILYIPGSLPWELSKNMFDEESRGIRLYVKRVFINDKFSESIPRWLTFLRGIVDSENLPLNVGREILQKSKMLSIINKRIVLKSISMMKGLKETGGDKWTKFLNTFGKYLKIGVVEDKENQEEIASLVEFYSINSGDKKTDLDSYIENMKEDQKCIYYISGENKKTAQNSPSLEKLKALNYDVLFSLEPIDEFCLSSLTVNKYKGYEVLDVNKADLKLKKENDQNKSDSLDKQKMEYEILCRWLHNKFSHKVHEVRISDRLINSPALLVQGEMGMSPSMQKYMKQQATAQGISENEMFGGQSANQPVLEINPNHFIIKQLNHLIQIDKMNLQNSEIAEQIFDVASMQGGYTIDDTGLFAKRVIGMMEKNAEQYLMNVQSNISNNTLNNNTSGSEMPQNNSPNELQSEMKSTNGIDDNSNISENKINESSSNQNNIGENSIAEENNIKNIAESDVNKINLGENDVSQNTMHKQDSGLFNLDPSILNSNMLSGSDKTLL
O02604,MEDLSDVFDIYAICACCKVAPTSEGTKNEPFSPRTFRGLGNKGTLPWKCNSVDMKYFSSVTTYVDESKYEKLKWKRERYLRMEASQGGGDNTSGGDNTHGGDNADKLQNVVVMGRSSWESIPKQYKPLPNRINVVLSKTLTKEDVKEKVFIIDSIDDLLLLLKKLKYYKCFIIGGAQVYRECLSRNLIKQIYFTRINGAYPCDVFFPEFDESQFRVTSVSEVYNSKGTTLDFLVYSKVGGGVDGGASNGSTATALRRTAMRSTAMRRNVAPRTAAPPMGPHSRANGERAPPRARARRTTPRQRKTTSCTSALTTKWGRKTRSTCKILKFTTASRLMQHPEYQYLGIIYDIIMNGNKQGDRTGVGVMSNFGYMMKFNLSEYFPLLTTKKLFLRGIIEELLWFIRGETNGNTLLNKNVRIWEANGTREFLDNRKLFHREVNDLGPIYGFQWRHFGAEYTNMHDNYEDKGVDQLKNVIHLIKNEPTSRRIILCAWNVKDLDQMALPPCHILCQFYVFDGKLSCIMYQRSCDLGLGVPFNIASYSIFTHMIAQVCNLQPAQFIHILGNAHVYNNHVDSLKVQLNRIPYPFPTLKLNPEVKNIEDFTISDFTIENYVHHDKITMEMAA
Q8I5C5,MPCCEVITNVNLPDDNVQSTLSQIENAISDVMGKPLGYIMSNYDYQKNLRFGGSNEAYCFVRITSIGGINRSNNSALADQITKLLVSNLNVKSRRIYVEFRDCSAQNFAFSGSLFG
Q6S996,MHSAVFSPDAPYCGAAGSNHLCEAVALCQSILARYRRTGTSFSSTELKAIQALRTEFPDTAQEPAANSAASPDQTTKDFLSILDDATDVPHNPQNDIVAFVEECCDNTKEPTVLFAAINERISAVTCSRNVRTYMVIANDNLLWDPVNGVAALIDDVTPLGKCAQARNMLTIANTLYIPLWFRSELVGCVEVPGACIPRDKATCAQLLLRCVTVAVRNSINISIRKREANKIEAMVGMATRLARDTLEESVLVQSIINTAKTLTESDRCSIFLVKADGSLEAHFEDGNVVVLPAGTGIAGHVAESGAVVNIPNAYEDDRFHRSVDKVTGYHTRTILCLPIAFEGTIVAVAQLINKLDMVTQSGQRLPRVFGRRDEELFETFSMFAAASLRNCRINETLLKEKKKSDAILDVVALLSNTDIRDVDSIVRHVLHGAKKLLNADRSSMFLLDKERNELYSKMADSANEIRFPCGQGIAGTVAESGVGENIMDAYADSRFNSAVDRQLGYRTQSILCEPITLNGEVLAVVQLVNKLGDDGSVTCFTPMDRETFQVFSLFAGISINNSHLLEFAVNAGREAMTLSLQRNSITAQRAPKSVKVIAVTPEEREAVMSIDFGGAYDFTSPGFNLFEVREKYSEPMDAAAGVVYNLLWNSGLPEKFGCREQTLLNFILQCRRRYRRVPYHNFYHVVDVCQTLHTYLYTGKASELLTELECYVLLVTALVHDLDHMGVNNSFYLKTDSPLGILSSASGNNSVLEVHHCSLAIEILSDPAADVFEGLSGQDVAYAYRALIDCVLATDMAKHADALSRFTELATSGFEKDNDTHRRLVMETLIKAGDVSNVTKPFETSRMWAMAVTEEFYRQGDMEKEKGVEVLPMFDRSKNNELARGQIGFIDFVAGKFFRDIVGNLFHGMQWCVDTVNSNRAKWQEILDGRRDSIRSSIV
O60993,MASAERVPVSFNKPGRVPFGEVQGYAPGHIPAYSNKHDHFFSGERSIDDNVFCGFKYQCVEFARRWLLERKGLVLPDVNWACHIFKLKNVKDAATAEEVPVIAVRNGTEAKPEPDTLIIYPSSDVNTVGHVGAITEVGDDYVCIADQNYRFHKWEASYSYKLKLQHKDGVWTIIDDIDPNDVEIPLGWVTFPGYENRPEGAAPPALHPSLHFQPPEEPYLVRKTYEPTETKANWLDLNDPAEKLFVEEFGMDVSRSRLEETTVNYYECDHEFHLRCIAYGTQLHDYFMEATAQVINDDERLRIFKIPEELWPRMRHSWKYQQTYISGRFDFAYNNETHQMKCFEYNADSASTLLECGRIQQKWAESVGLDKEGTRGSGWAVERNLRTAWATCGATGRVHFLVDDEKEEQYTALYCLQAAEAVGLEGKLCVMYDEFRFNEEGYVVDSDGVRVRNIWKTWMWESAISDYFAAQAERGADWKATPADKVRLCDLMLGKDWDILYFEPMWKLIPSNKAILPIIYHNHPDHPAILRAEYELTDELRAVGYARKPIVGRVGRNVTITDGTGEVHAESGGNFGERDMIYQELFSLTKQDGYYAIIGGWMLGDAFSGTGIREDKSIITGLDSPFAAIRIKINAIPRPLTHKDLDKLAEDE
Q7YTA4,MVFGKRNLSQLFDFTKLVTISNISLTPRRIMERNTNLHKILTILALIILVISFIGLLIIIVLYILSSNIPDVYSVVIDAGSTSSKLHLYKWIDEPFRSNGKVDEVTNEKLSPGISDYINDTIKAYDTLKPKLLKLTNSLTFEQKQHTPIYLAATAGMRLKLIEDPLGSLDLFSVIRQYLKQSGFQIETPNERIRLLYGSEEGLYGWVSVNYILGIIKEGKQTNPSDTVGSLDLGGASTQIAFIPKVYSNIPKEKLDFYPLRLYGNDFSVYSHSFLCYGKSEFERRVITSIAAASLLQSKIPNPCFLQGYKSDLYNAFEWFSGSCLSGTYVKKTFAEEIFRPPNMNSFSFNGTGQPNECVNYILKHFQTKCDHSSCSFNNVFQPAPFGKFMAYSGFSYVMRYLFPNKNTGFTLTEVTDAVMKFCKKPWKDVAKITKLSDQGFTAKYCFDGLYIITLLKMYGFTTDESWKTITFDSKVNGKSVSWALGYMLDQSGHLPSESPKVSVSTQLFVCLFILLLLLIIGSIIGLLLTRNFLSKSKKSTSQV
